Well,Sample description 1,Sample description 2,Sample description 3,Sample description 4,Target,Conc(copies/µL),Molecular Weight(pg/µL),Status,Status Reason,Experiment,SampleType,TargetType,Supermix,DyeName(s),Copies/20µLWell,TotalConfMax,TotalConfMin,PoissonConfMax,PoissonConfMin,Accepted Droplets,Positives,Negatives,Ch1+Ch2+,Ch1+Ch2-,Ch1-Ch2+,Ch1-Ch2-,Linkage,CNV,TotalCNVMax,TotalCNVMin,PoissonCNVMax,PoissonCNVMin,ReferenceCopies,UnknownCopies,Threshold1,Threshold2,Threshold3,ThresholdSigmaAbove,ThresholdSigmaBelow,ReferenceUsed,Ratio,TotalRatioMax,TotalRatioMin,PoissonRatioMax,PoissonRatioMin,Fractional Abundance,TotalFractionalAbundanceMax,TotalFractionalAbundanceMin,PoissonFractionalAbundanceMax,PoissonFractionalAbundanceMin,MeanAmplitudeOfPositives,MeanAmplitudeOfNegatives,MeanAmplitudeTotal,ExperimentComments,MergedWells,TotalConfidenceMax68,TotalConfidenceMin68,PoissonConfidenceMax68,PoissonConfidenceMin68,TotalCNVMax68,TotalCNVMin68,PoissonCNVMax68,PoissonCNVMin68,TotalRatioMax68,TotalRatioMin68,PoissonRatioMax68,PoissonRatioMin68,TotalFractionalAbundanceMax68,TotalFractionalAbundanceMin68,PoissonFractionalAbundanceMax68,PoissonFractionalAbundanceMin68,TiltCorrected
A02,,,,,1,15.3145341873169,,OK,,DQ,Unknown,Unknown,ddPCR Supermix for Probes (No dUTP),FAM,306.290679931641,,,17.4442882537842,13.1886301040649,15387,199,15188,5,194,376,14812,0.00576074516441089,1.03836143016815,,,1.21636804597522,0.860354859264978,2,,,,,,,2,0.519180726310049,,,0.608184022987609,0.430177429632489,34.1750469393521,,,38.0314925383384,30.3186013403657,16915.648015468,1878.69899513661,2073.17178743179,,,,,16.4006633758545,14.2294092178345,,,1.12918110137063,0.947541803869569,,,0.564590550685313,0.473770901934784,,,36.1426203203377,32.2074735583665,No
A02,,,,,2,29.497501373291,,OK,,DQ,Unknown,Unknown,ddPCR Supermix for Probes (No dUTP),VIC,589.950012207031,,,32.4632720947266,26.5391883850098,15387,381,15006,5,194,376,14812,0.00576074516441089,,,,,,,,,,,,,,,,,,,,,,,,9205.40210665806,2943.17854513468,3098.23847734631,,,,,31.0097160339355,27.9872283935547,,,,,,,,,,,,,No
A03,,,,,1,7.9232873916626,,OK,,DQ,Unknown,Unknown,ddPCR Supermix for Probes (No dUTP),FAM,158.465744018555,,,9.34775257110596,6.50054550170898,17729,119,17610,1,118,223,17387,0,1.05933272838593,,,1.29485935859391,0.823806194869428,2,,,,,,,2,0.529666388365835,,,0.647429679296956,0.411903097434714,34.6262683415359,,,39.6591473007012,29.5933893823706,16458.0058757878,1780.75571677247,1879.27186370252,,,,,8.64983940124512,7.19718360900879,,,1.17949932237341,0.939166231089931,,,0.589749661186705,0.469583115544965,,,37.1940620672973,32.0584746157746,No
A03,,,,,2,14.9590148925781,,OK,,DQ,Unknown,Unknown,ddPCR Supermix for Probes (No dUTP),VIC,299.180297851563,,,16.9196643829346,13.0016279220581,17729,224,17505,1,118,223,17387,0,,,,,,,,,,,,,,,,,,,,,,,,8847.23998587472,2826.57141740892,2902.64055607079,,,,,15.9589376449585,13.9599409103394,,,,,,,,,,,,,No
A04,,,,,1,17.6660137176514,,OK,,DQ,Unknown,Unknown,ddPCR Supermix for Probes (No dUTP),FAM,353.320281982422,,,19.862377166748,15.4737424850464,16707,249,16458,3,246,241,16217,0,2.0412929058075,,,2.40170122705821,1.68088470012983,2,,,,,,,2,1.02064648179701,,,1.20085061352911,0.840442350064915,50.5108880247734,,,54.9243975297893,46.0973785197574,16362.1283963981,1755.10422813016,1972.80633011727,,,,,18.7860946655273,16.5469970703125,,,2.22517454362794,1.8574113835601,,,1.11258727181397,0.928705691780052,,,52.7626762980954,48.2590997514513,No
A04,,,,,2,17.308650970459,,OK,,DQ,Unknown,Unknown,ddPCR Supermix for Probes (No dUTP),VIC,346.173034667969,,,19.4825019836426,15.1388120651245,16707,244,16463,3,246,241,16217,0,,,,,,,,,,,,,,,,,,,,,,,,8848.88202804816,2798.89864706158,2887.25657756739,,,,,18.41725730896,16.2010917663574,,,,,,,,,,,,,No
A05,,,,,1,9.08098983764648,,OK,,DQ,Unknown,Unknown,ddPCR Supermix for Probes (No dUTP),FAM,181.61979675293,,,11.0649785995483,7.35137462615967,12095,93,12002,1,92,179,11823,0,1.02958834171295,,,1.28832298503004,0.770853779623018,2,,,,,,,2,0.514794191163265,,,0.644161492515021,0.385426889811509,33.9844312954446,,,39.6223298432013,28.3465327476878,16736.2276020665,1792.81888023342,1907.72065874772,,,,,10.0550537109375,8.17247200012207,,,1.1610376111843,0.898139153468763,,,0.580518805592148,0.449069576734382,,,36.8487463454504,31.1201162454387,No
A05,,,,,2,17.6400394439697,,OK,,DQ,Unknown,Unknown,ddPCR Supermix for Probes (No dUTP),VIC,352.80078125,,,20.2199211120605,15.0658044815063,12095,180,11915,1,92,179,11823,0,,,,,,,,,,,,,,,,,,,,,,,,9046.01836480035,2901.60906912243,2993.05129096799,,,,,18.9555988311768,16.3259506225586,,,,,,,,,,,,,No
A06,,,,,1,28.1980113983154,,OK,,DQ,Unknown,Unknown,ddPCR Supermix for Probes (No dUTP),FAM,563.960205078125,,,31.1064987182617,25.2966938018799,15285,362,14923,7,355,331,14592,0,2.14372706413269,,,2.46154081029827,1.82591354866746,2,,3890.2109375,,,,,2,1.07186358974143,,,1.23077040514913,0.912956774333732,51.7342741601633,,,55.4361360127126,48.032412307614,16641.0677362094,1812.31602183854,2163.51053414487,,,,,29.6810340881348,26.7168521881104,,,2.30587678792434,1.9815775710414,,,1.15293839396217,0.990788785520698,,,53.6229768201317,49.8455715001948,No
A06,,,,,2,26.3074626922607,,OK,,DQ,Unknown,Unknown,ddPCR Supermix for Probes (No dUTP),VIC,526.149230957031,,,29.1155071258545,23.5061054229736,15285,338,14947,7,355,331,14592,0,,,,,,,,3878.80053710938,,,,,,,,,,,,,,,,9068.94433738212,2903.80406149253,3040.13493576474,,,,,27.7393016815186,24.8773651123047,,,,,,,,,,,,,No
A07,,,,,1,12.2517309188843,,OK,,DQ,Unknown,Unknown,ddPCR Supermix for Probes (No dUTP),FAM,245.034622192383,,,14.0683822631836,10.4378795623779,16892,175,16717,4,171,331,16386,0.0380116986980777,1.03977704048157,,,1.22986036599869,0.849693610761288,2,,,,,,,2,0.519888494189994,,,0.614930182999345,0.424846805380644,34.2056997060868,,,38.3199498223729,30.0914495898007,16420.9999832589,1762.16928694435,1914.03380102527,,,,,13.178243637085,11.3259477615356,,,1.13675823199276,0.942795744767218,,,0.56837911599638,0.471397872383609,,,36.3048053607212,32.1065940514525,No
A07,,,,,2,23.5660743713379,,OK,,DQ,Unknown,Unknown,ddPCR Supermix for Probes (No dUTP),VIC,471.321472167969,,,26.0924301147461,21.0451335906982,16892,335,16557,4,171,331,16386,0.0380116986980777,,,,,,,,,,,,,,,,,,,,,,,,8947.42310517724,2837.86301308902,2959.02703338558,,,,,24.8543548583984,22.2792053222656,,,,,,,,,,,,,No
A08,,,,,1,12.8962697982788,,OK,,DQ,Unknown,Unknown,ddPCR Supermix for Probes (No dUTP),FAM,257.925384521484,,,15.1325693130493,10.6642122268677,11741,128,11613,5,123,203,11410,0.281767066033188,1.22653293609619,,,1.49660047901731,0.956465318316384,2,,2091.6962890625,,,,,2,0.613266449333425,,,0.748300239508657,0.478232659158192,38.0139591687918,,,43.20232097651,32.8255973610735,15602.1215934753,1739.98324651315,1891.10782775931,,,,,14.0367088317871,11.7569360733032,,,1.36432233855662,1.08874345877708,,,0.682161169278308,0.544371729388541,,,40.6610798135697,35.3668385240138,No
A08,,,,,2,21.0288200378418,,OK,,DQ,Unknown,Unknown,ddPCR Supermix for Probes (No dUTP),VIC,420.576416015625,,,23.8901863098145,18.1744003295898,11741,208,11533,5,123,203,11410,0.281767066033188,,,,,,,,3189.42651367188,,,,,,,,,,,,,,,,8761.25481942984,2796.85483896938,2902.5183425837,,,,,22.4878311157227,19.5716190338135,,,,,,,,,,,,,No
A09,,,,,1,26.8584156036377,,OK,,DQ,Unknown,Unknown,ddPCR Supermix for Probes (No dUTP),FAM,537.168334960938,,,29.5947170257568,24.1284637451172,16437,371,16066,14,357,418,15648,0.319521563916794,1.71434223651886,,,1.95218754215471,1.47649703868133,2,,,,,,,2,0.857171145209009,,,0.976093771077353,0.738248519340665,46.1546663278866,,,49.6026137545758,42.7067189011974,16202.8058588486,1744.97673743756,2071.30481458324,,,,,28.2536926269531,25.4647922515869,,,1.83569171539994,1.5929928654361,,,0.91784585769997,0.796496432718049,,,47.9138203767547,44.3955122790186,No
A09,,,,,2,31.3337841033936,,OK,,DQ,Unknown,Unknown,ddPCR Supermix for Probes (No dUTP),VIC,626.675659179688,,,34.2923851013184,28.3826103210449,16437,432,16005,14,357,418,15648,0.319521563916794,,,,,,,,,,,,,,,,,,,,,,,,8884.16967208297,2804.65772893847,2964.44048488167,,,,,32.8423461914063,29.8271598815918,,,,,,,,,,,,,No
A10,,,,,1,15.5800075531006,,OK,,DQ,Unknown,Unknown,ddPCR Supermix for Probes (No dUTP),FAM,311.600158691406,,,17.5652751922607,13.5980844497681,18015,237,17778,6,231,487,17291,0,0.954536497592926,,,1.10242000893853,0.806653042268355,2,,,,,,,2,0.477268262801721,,,0.551210004469264,0.403326521134177,32.3074877339174,,,35.6957025767062,28.9192728911286,16279.9307629549,1771.71369606385,1962.57949927524,,,,,16.5924797058105,14.5684051513672,,,1.02998718712797,0.879085864078916,,,0.514993593563983,0.439542932039458,,,34.0361665931811,30.5788088746537,No
A10,,,,,2,32.6441307067871,,OK,,DQ,Unknown,Unknown,ddPCR Supermix for Probes (No dUTP),VIC,652.882629394531,,,35.5293846130371,29.7659320831299,18015,493,17522,6,231,487,17291,0,,,,,,,,,,,,,,,,,,,,,,,,8910.8658009001,2817.76604185876,2984.51032058246,,,,,34.1153144836426,31.1747817993164,,,,,,,,,,,,,No
A11,,,,,1,11.503134727478,,OK,,DQ,Unknown,Unknown,ddPCR Supermix for Probes (No dUTP),FAM,230.062698364258,,,13.1755609512329,9.83308219909668,18705,182,18523,4,178,408,18115,0,0.878007471561432,,,1.03117530122482,0.724839607396434,2,,,,,,,2,0.439003727155314,,,0.515587650612412,0.362419803698217,30.5074767264958,,,34.2058758221947,26.8090776307968,16117.755741329,1754.68155971709,1894.43454025991,,,,,12.3561162948608,10.6507711410522,,,0.956154240218276,0.799860668402981,,,0.478077120109138,0.39993033420149,,,32.3944132353998,28.6205402175917,No
A11,,,,,2,26.2028179168701,,OK,,DQ,Unknown,Unknown,ddPCR Supermix for Probes (No dUTP),VIC,524.056335449219,,,28.7357978820801,23.6752777099609,18705,412,18293,4,178,408,18115,0,,,,,,,,,,,,,,,,,,,,,,,,8882.09257077708,2825.6592239032,2959.05941309925,,,,,27.4944725036621,24.9125785827637,,,,,,,,,,,,,No
A12,,,,,1,13.7367372512817,,OK,,DQ,Unknown,Unknown,ddPCR Supermix for Probes (No dUTP),FAM,274.734741210938,,,15.6763782501221,11.8002882003784,16626,193,16433,5,188,400,16033,0.0219129966520182,0.946937263011932,,,1.10927795577827,0.784596534653392,2,,,,,,,2,0.473468622607916,,,0.554638977889135,0.392298267326696,32.1329287467225,,,35.8715860896759,28.3942714037692,16058.4335279712,1722.74770523338,1889.1609954889,,,,,14.7259511947632,12.7483549118042,,,1.02976409666309,0.864110393768572,,,0.514882048331545,0.432055196884286,,,34.0404060226576,30.2254514707875,No
A12,,,,,2,29.0129833221436,,OK,,DQ,Unknown,Unknown,ddPCR Supermix for Probes (No dUTP),VIC,580.259643554688,,,31.8421211242676,26.1906337738037,16626,405,16221,5,188,400,16033,0.0219129966520182,,,,,,,,,,,,,,,,,,,,,,,,8754.47367500965,2776.85103048084,2922.46255285749,,,,,30.4555721282959,27.5721626281738,,,,,,,,,,,,,No
B02,,,,,1,15.7844457626343,,OK,,DQ,Unknown,Unknown,ddPCR Supermix for Probes (No dUTP),FAM,315.688903808594,,,17.9632339477539,13.6096849441528,15157,202,14955,3,199,342,14613,0,1.16541934013367,,,1.36779249748397,0.963046172980215,2,,4400.8203125,,,,,2,0.582709667616045,,,0.683896248741983,0.481523086490108,36.8172179357286,,,40.8566509624685,32.7777849089887,16965.0618763537,1918.82128756876,2119.3451774503,,,,,16.8955688476563,14.6743717193604,,,1.26867083546955,1.06216783499463,,,0.634335417734777,0.531083917497314,,,38.8781508948161,34.7562849766411,No
B02,,,,,2,27.0880107879639,,OK,,DQ,Unknown,Unknown,ddPCR Supermix for Probes (No dUTP),VIC,541.760192871094,,,29.9499549865723,24.2330093383789,15157,345,14812,3,199,342,14613,0,,,,,,,,3455.20703125,,,,,,,,,,,,,,,,9163.47342759284,2927.8142176872,3069.74879757883,,,,,28.5473155975342,25.6305122375488,,,,,,,,,,,,,No
B03,,,,,1,15.8589582443237,,OK,,DQ,Unknown,Unknown,ddPCR Supermix for Probes (No dUTP),FAM,317.179168701172,,,18.0266647338867,13.695240020752,15385,206,15179,5,201,333,14846,0.0375859396302634,1.21363890171051,,,1.42390006650303,1.00337777945196,2,,,,,,,2,0.60681946148875,,,0.711950033251517,0.501688889725982,37.7652546557109,,,41.8371336180763,33.6933756933456,16179.3921893962,1767.04033056679,1960.01689754234,,,,,16.9644336700439,14.7545223236084,,,1.32091500282925,1.10636284312574,,,0.660457501414627,0.553181421562872,,,39.8427436552909,35.687765656131,No
B03,,,,,2,26.134557723999,,OK,,DQ,Unknown,Unknown,ddPCR Supermix for Probes (No dUTP),VIC,522.691162109375,,,28.9241218566895,23.3515892028809,15385,338,15047,5,201,333,14846,0.0375859396302634,,,,,,,,,,,,,,,,,,,,,,,,8792.75867782683,2799.14386575709,2930.82029126762,,,,,27.556978225708,24.7138519287109,,,,,,,,,,,,,No
B04,,,,,1,11.7255764007568,,OK,,DQ,Unknown,Unknown,ddPCR Supermix for Probes (No dUTP),FAM,234.511535644531,,,13.6765213012695,9.77786350250244,14016,139,13877,1,138,244,13633,0,1.13036167621613,,,1.36562405988855,0.895099367827926,2,,,,,,,2,0.56518085692912,,,0.682812029944277,0.447549683913963,36.1096198197826,,,40.911301575416,31.3079380641491,16466.2072911983,1777.04504274018,1922.72095259575,,,,,12.720552444458,10.7314424514771,,,1.25039342855642,1.01032999916006,,,0.625196714278212,0.505164999580029,,,38.5594555214524,33.6597841181127,No
B04,,,,,2,20.7465915679932,,OK,,DQ,Unknown,Unknown,ddPCR Supermix for Probes (No dUTP),VIC,414.931823730469,,,23.3473815917969,18.1515369415283,14016,245,13771,1,138,244,13633,0,,,,,,,,,,,,,,,,,,,,,,,,8914.41307198661,2834.03570835423,2940.32084349192,,,,,22.0728073120117,19.4218692779541,,,,,,,,,,,,,No
B05,,,,,1,7.07607316970825,,OK,,DQ,Unknown,Unknown,ddPCR Supermix for Probes (No dUTP),FAM,141.521469116211,,,8.62934589385986,5.72248411178589,15342,92,15250,2,90,192,15058,0.0653692600402729,0.945281267166138,,,1.18063891780001,0.709923615479211,2,,,,,,,2,0.472640633319806,,,0.590319458900006,0.354961807739606,32.0947706199252,,,37.5210826904994,26.668458549351,16785.6792735224,1829.19507622791,1918.88328807454,,,,,7.83859586715698,6.36500597000122,,,1.06483858651978,0.825723946759439,,,0.532419293259892,0.41286197337972,,,34.8512364700587,29.3383047697917,No
B05,,,,,2,14.971360206604,,OK,,DQ,Unknown,Unknown,ddPCR Supermix for Probes (No dUTP),VIC,299.427215576172,,,17.0800285339355,12.8664627075195,15342,194,15148,2,90,192,15058,0.0653692600402729,,,,,,,,,,,,,,,,,,,,,,,,9195.05047418653,2934.20300115682,3013.37158476832,,,,,16.0467395782471,13.8969621658325,,,,,,,,,,,,,No
B06,,,,,1,20.0635681152344,,OK,,DQ,Unknown,Unknown,ddPCR Supermix for Probes (No dUTP),FAM,401.271362304688,,,22.4726886749268,17.6593723297119,15790,267,15523,7,260,522,15001,0,1.00093293190002,,,1.14821355122606,0.853652418126938,2,,,,,,,2,0.50046649233825,,,0.574106775613031,0.426826209063469,33.3540598802942,,,36.6249265971384,30.08319316345,16785.8147567006,1849.43594752167,2102.00169432666,,,,,21.2920951843262,18.8363227844238,,,1.07607606558187,0.925789903771133,,,0.538038032790933,0.462894951885567,,,35.0228679796424,31.685251780946,No
B06,,,,,2,40.0897331237793,,OK,,DQ,Unknown,Unknown,ddPCR Supermix for Probes (No dUTP),VIC,801.794677734375,,,43.5112113952637,36.6781768798828,15790,529,15261,7,260,522,15001,0,,,,,,,,,,,,,,,,,,,,,,,,9189.83199432892,2916.77291036038,3126.9342944908,,,,,41.8341407775879,38.3479042053223,,,,,,,,,,,,,No
B07,,,,,1,15.9343824386597,,OK,,DQ,Unknown,Unknown,ddPCR Supermix for Probes (No dUTP),FAM,318.687652587891,,,18.1730537414551,13.6999616622925,14495,195,14300,2,193,253,14047,0,1.52620816230774,,,1.81078113433511,1.24163517153915,2,,,,,,,2,0.763104076468565,,,0.905390567167554,0.620817585769575,43.281850836454,,,47.8591338857832,38.7045677871248,16481.4257261619,1764.11107871743,1962.10185872789,,,,,17.0760288238525,14.7938423156738,,,1.67139825280018,1.38101805307408,,,0.835699126400089,0.69050902653704,,,45.617196166038,40.9465055068701,No
B07,,,,,2,20.8810081481934,,OK,,DQ,Unknown,Unknown,ddPCR Supermix for Probes (No dUTP),VIC,417.620178222656,,,23.4467716217041,18.3208274841309,14495,255,14240,2,193,253,14047,0,,,,,,,,,,,,,,,,,,,,,,,,8908.37280943627,2835.80652290087,2942.63676802447,,,,,22.1893711090088,19.5740966796875,,,,,,,,,,,,,No
B08,,,,,1,6.88269710540771,,OK,,DQ,Unknown,Unknown,ddPCR Supermix for Probes (No dUTP),FAM,137.653945922852,,,8.49993228912354,5.4859938621521,13886,81,13805,0,81,193,13612,0,0.83597195148468,,,1.05371706040781,0.618226813300622,2,,,,,,,2,0.417985968427108,,,0.526858530203905,0.309113406650311,29.4774403791002,,,34.892142569349,24.0627381888515,16225.4267939815,1732.73325783337,1817.27223064253,,,,,7.67491912841797,6.14730262756348,,,0.946550881574339,0.725392992134092,,,0.47327544078717,0.362696496067046,,,32.2272243669105,26.7276563912899,No
B08,,,,,2,16.4663352966309,,OK,,DQ,Unknown,Unknown,ddPCR Supermix for Probes (No dUTP),VIC,329.326721191406,,,18.7917861938477,14.1454725265503,13886,193,13693,0,81,193,13612,0,,,,,,,,,,,,,,,,,,,,,,,,8860.50601117228,2803.56877024907,2887.75348056869,,,,,17.652214050293,15.2816486358643,,,,,,,,,,,,,No
B09,,,,,1,28.0116729736328,,OK,,DQ,Unknown,Unknown,ddPCR Supermix for Probes (No dUTP),FAM,560.233459472656,,,30.7915802001953,25.2383232116699,16618,391,16227,11,380,387,15840,0.121483981612095,1.96440184116364,,,2.23856318185723,1.69024038457212,2,,,,,,,2,0.982200891607337,,,1.11928159092861,0.845120192286061,49.5510266273206,,,53.0398660175398,46.0621872371013,16194.1256169078,1734.45580195599,2074.67309029671,,,,,29.4291725158691,26.5958824157715,,,2.10427977981837,1.82452378661098,,,1.05213988990918,0.912261893305491,,,51.3310433138132,47.7710099408279,No
B09,,,,,2,28.5192909240723,,OK,,DQ,Unknown,Unknown,ddPCR Supermix for Probes (No dUTP),VIC,570.385803222656,,,31.3246059417725,25.7206478118896,16618,398,16220,11,380,387,15840,0.121483981612095,,,,,,,,,,,,,,,,,,,,,,,,8831.76709965845,2796.21051179672,2940.76169256269,,,,,29.9497356414795,27.0905799865723,,,,,,,,,,,,,No
B10,,,,,1,20.853048324585,,OK,,DQ,Unknown,Unknown,ddPCR Supermix for Probes (No dUTP),FAM,417.060974121094,,,23.0983600616455,18.6120147705078,18897,332,18565,3,329,319,18246,0,2.0626654624939,,,2.37888051848773,1.74645018612558,2,,4201.41357421875,,,,,2,1.03133267615333,,,1.18944025924386,0.873225093062792,50.7712344836755,,,54.6029264687895,46.9395424985616,16411.430096362,1764.98124077486,2022.30362104977,,,,,21.9980792999268,19.7091312408447,,,2.22399947391931,1.901331230694,,,1.11199973695966,0.950665615346999,,,52.7261775946414,48.8162913727097,No
B10,,,,,2,20.2195167541504,,OK,,DQ,Unknown,Unknown,ddPCR Supermix for Probes (No dUTP),VIC,404.390319824219,,,22.4301261901855,18.0130519866943,18897,322,18575,3,329,319,18246,0,,,,,,,,3186.27124023438,,,,,,,,,,,,,,,,8838.31183960719,2848.16463731809,2950.23519873721,,,,,21.3468608856201,19.0932521820068,,,,,,,,,,,,,No
B11,,,,,1,13.4337148666382,,OK,,DQ,Unknown,Unknown,ddPCR Supermix for Probes (No dUTP),FAM,268.674285888672,,,15.2062110900879,11.6638841629028,19465,221,19244,8,213,446,18798,0.178093421208079,0.967673778533936,,,1.12324098649437,0.812106515803345,2,,,,,,,2,0.483836875574429,,,0.561620493247186,0.406053257901672,32.6071472908452,,,36.1399209907682,29.0743735909221,16260.9679457721,1749.89679800005,1914.65131758174,,,,,14.3377151489258,12.5304069519043,,,1.04704469640443,0.888302805893292,,,0.523522348202213,0.444151402946646,,,34.4095807358706,30.8047138458197,No
B11,,,,,2,27.7649669647217,,OK,,DQ,Unknown,Unknown,ddPCR Supermix for Probes (No dUTP),VIC,555.29931640625,,,30.3218288421631,25.2136497497559,19465,454,19011,8,213,446,18798,0.178093421208079,,,,,,,,,,,,,,,,,,,,,,,,8899.11504185882,2829.76703309464,2971.32798844932,,,,,29.0687923431396,26.4625835418701,,,,,,,,,,,,,No
B12,,,,,1,42.6893081665039,,OK,,DQ,Unknown,Unknown,ddPCR Supermix for Probes (No dUTP),FAM,853.7861328125,,,46.2659225463867,39.1235237121582,15406,549,14857,24,525,579,14278,0.206985203769692,1.81760454177856,,,2.0277715839945,1.60743756871553,2,,,,,,,2,0.908802288177506,,,1.01388579199725,0.803718784357764,47.6111273444258,,,50.495242862262,44.7270118265896,16047.0166104565,1781.50405787863,2289.86225542279,,,,,44.512752532959,40.8686790466309,,,1.92483242014853,1.7103767325615,,,0.962416210074263,0.855188366280749,,,49.0826118162392,46.1396428726124,No
B12,,,,,2,46.9731521606445,,OK,,DQ,Unknown,Unknown,ddPCR Supermix for Probes (No dUTP),VIC,939.463012695313,,,50.7286643981934,43.2295913696289,15406,603,14803,24,525,579,14278,0.206985203769692,,,,,,,,,,,,,,,,,,,,,,,,8864.83576178353,2750.01048289013,2989.34838001935,,,,,48.8877334594727,45.0616836547852,,,,,,,,,,,,,No
C01,,,,,1,0,,Manual,Droplets Analyzed Manually,DQ,NTC,Unknown,ddPCR Supermix for Probes (No dUTP),FAM,0,,,0.233246564865112,0,15113,0,15113,0,0,0,15113,0,,,,,,,,10601.681640625,,,,74.5088991105416,2,,,,,,,,,,,,1934.13145815197,1934.13145815197,,,,,0.106574542820454,0,,,,,,,,,,,,,No
C01,,,,,2,0,,Manual,Droplets Analyzed Manually,DQ,NTC,Unknown,ddPCR Supermix for Probes (No dUTP),VIC,0,,,0.233246564865112,0,15113,0,15113,0,0,0,15113,0,,,,,,,,7253.8720703125,,,,34.9686535151615,,,,,,,,,,,,,2996.80159053425,2996.80159053425,,,,,0.106574542820454,0,,,,,,,,,,,,,No
C02,,,,,1,32.0332489013672,,Manual,Droplets Analyzed Manually,DQ,Unknown,Unknown,ddPCR Supermix for Probes (No dUTP),FAM,640.664978027344,,,36.1274566650391,27.953239440918,8786,236,8550,11,225,439,8111,0,1.03576648235321,,,1.19893864471462,0.872594324895369,2,,9571.3125,,,9.99990264909289,78.4238793791208,2,0.517883242402498,,,0.599469322357312,0.436297162447684,34.1187798860468,,,37.6598892030125,30.577670569081,17035.3654909296,1934.94616506476,2340.55724643331,,,,,34.1203536987305,29.9498443603516,,,1.11901728223086,0.952515687379133,,,0.55950864111543,0.476257843689567,,,35.9254617034158,32.3120980686778,No
C02,,,,,2,61.854190826416,,Manual,Droplets Analyzed Manually,DQ,Unknown,Unknown,ddPCR Supermix for Probes (No dUTP),VIC,1237.08386230469,,,67.5838165283203,56.1523361206055,8786,450,8336,11,225,439,8111,0,,,,,,,,6343.470703125,,,10.7996099811575,30.5796498501195,,,,,,,,,,,,9366.77245442708,2921.42717800031,3251.5438834854,,,,,64.7739791870117,58.9416275024414,,,,,,,,,,,,,No
C03,,,,,1,11.753475189209,,OK,,DQ,Unknown,Unknown,ddPCR Supermix for Probes (No dUTP),FAM,235.06950378418,,,13.5428457260132,9.96682167053223,16699,166,16533,1,165,338,16195,0,0.974226713180542,,,1.15511565113561,0.793337748488874,2,,,,,,,2,0.487113349906122,,,0.577557825567807,0.396668874244437,32.7556302239417,,,36.8453532877418,28.6659071601417,16441.4944759507,1777.02756977906,1922.80285610905,,,,,12.6660785675049,10.8415784835815,,,1.06651686593234,0.881936533692144,,,0.533258432966172,0.440968266846072,,,34.8422210200184,30.669039427865,No
C03,,,,,2,24.1288299560547,,OK,,DQ,Unknown,Unknown,ddPCR Supermix for Probes (No dUTP),VIC,482.576599121094,,,26.7002601623535,21.563009262085,16699,339,16360,1,165,338,16195,0,,,,,,,,,,,,,,,,,,,,,,,,8863.02334099604,2822.41688538344,2945.04492229898,,,,,25.4400825500488,22.8190402984619,,,,,,,,,,,,,No
C04,,,,,1,16.9125099182129,,OK,,DQ,Unknown,Unknown,ddPCR Supermix for Probes (No dUTP),FAM,338.250183105469,,,19.1444549560547,14.6847906112671,15484,221,15263,3,218,229,15034,0,1.90448749065399,,,2.25535850446079,1.55361640124674,2,,4022.994140625,,,,,2,0.952243726426882,,,1.12767925223039,0.776808200623372,48.776887513412,,,53.3799775634562,44.1737974633677,16550.6342552496,1786.97086378066,1997.68964507197,,,,,18.0507278442383,15.7753915786743,,,2.08350307796002,1.72547182774751,,,1.04175153898001,0.862735913873755,,,51.1253999910158,46.4283750358082,No
C04,,,,,2,17.7606945037842,,OK,,DQ,Unknown,Unknown,ddPCR Supermix for Probes (No dUTP),VIC,355.213897705078,,,20.0483894348145,15.4774379730225,15484,232,15252,3,218,229,15034,0,,,,,,,,3257.80932617188,,,,,,,,,,,,,,,,8845.4971850165,2850.61397407826,2940.43655900061,,,,,18.9273300170898,16.59521484375,,,,,,,,,,,,,No
C05,,,,,1,14.6536722183228,,OK,,DQ,Unknown,Unknown,ddPCR Supermix for Probes (No dUTP),FAM,293.073455810547,,,16.6812686920166,12.6295642852783,16238,201,16037,4,197,218,15819,0.0931159481447099,1.80962753295898,,,2.15496557803001,1.46428937617544,2,,,,,,,2,0.904813738551364,,,1.07748278901501,0.732144688087722,47.501428629945,,,52.2603603226884,42.7424969372016,16868.1820827503,1828.6329110651,2014.79804122329,,,,,15.6877241134644,13.6205291748047,,,1.9858202764153,1.63343467779016,,,0.992910138207651,0.816717338895078,,,49.9294534972571,45.0734037626329,No
C05,,,,,2,16.1952362060547,,OK,,DQ,Unknown,Unknown,ddPCR Supermix for Probes (No dUTP),VIC,323.904724121094,,,18.3276138305664,14.0667190551758,16238,222,16016,4,197,218,15819,0.0931159481447099,,,,,,,,,,,,,,,,,,,,,,,,9156.49996040963,2930.25141917409,3015.37441314836,,,,,17.2827014923096,15.1087770462036,,,,,,,,,,,,,No
C06,,,,,1,9.98193740844727,,OK,,DQ,Unknown,Unknown,ddPCR Supermix for Probes (No dUTP),FAM,199.638748168945,,,11.7545728683472,8.21196842193604,14440,122,14318,3,119,263,14055,0.0630005421455907,0.912679314613342,,,1.10828108725728,0.717077551221846,2,,2333.76245117188,,,,,2,0.456339659619781,,,0.554140543628639,0.358538775610923,31.3346997457256,,,35.9459365689781,26.7234629224732,16404.2376829054,1847.51296764746,1970.49914598967,,,,,10.8860092163086,9.07855892181396,,,1.01247605984223,0.812882578636892,,,0.506238029921116,0.406441289318446,,,33.6873697127268,28.9820297787245,No
C06,,,,,2,21.8739204406738,,OK,,DQ,Unknown,Unknown,ddPCR Supermix for Probes (No dUTP),VIC,437.478393554688,,,24.5056056976318,19.2481098175049,14440,266,14174,3,119,263,14055,0.0630005421455907,,,,,,,,3336.5439453125,,,,,,,,,,,,,,,,9168.39625675517,2905.14295053677,3020.51866933553,,,,,23.2158813476563,20.5334892272949,,,,,,,,,,,,,No
C07,,,,,1,12.6133527755737,,OK,,DQ,Unknown,Unknown,ddPCR Supermix for Probes (No dUTP),FAM,252.267059326172,,,14.6072206497192,10.6228590011597,14441,154,14287,0,154,269,14018,0,1.14037525653839,,,1.36623654201512,0.914514050242775,2,,,,,,,2,0.570187648064475,,,0.683118271007562,0.457257025121387,36.313344380675,,,40.8937992716034,31.7328894897467,16582.462890625,1780.76667269364,1938.61316653489,,,,,13.6302099227905,11.5973739624023,,,1.25561051899826,1.02514007325964,,,0.627805259499128,0.512570036629821,,,38.6503089986111,33.976379762739,No
C07,,,,,2,22.1214065551758,,OK,,DQ,Unknown,Unknown,ddPCR Supermix for Probes (No dUTP),VIC,442.428131103516,,,24.7680015563965,19.4807529449463,14441,269,14172,0,154,269,14018,0,,,,,,,,,,,,,,,,,,,,,,,,8994.26125769633,2860.28818197571,2974.54888119106,,,,,23.4709663391113,20.7733936309814,,,,,,,,,,,,,No
C08,,,,,1,7.77462339401245,,OK,,DQ,Unknown,Unknown,ddPCR Supermix for Probes (No dUTP),FAM,155.492462158203,,,9.24868679046631,6.30240392684937,16245,107,16138,0,107,208,15930,0,1.02562689781189,,,1.26478160633531,0.786472163832113,2,,,,,,,2,0.512813442541856,,,0.632390803167655,0.393236081916056,33.8979961521374,,,39.1228989259539,28.6730933783209,16391.0828891647,1737.54613272203,1834.06373401101,,,,,8.52646541595459,7.02326059341431,,,1.14764452994764,0.903609240219786,,,0.573822264973819,0.451804620109893,,,36.5637613428375,31.2322309614374,No
C08,,,,,2,15.1607246398926,,OK,,DQ,Unknown,Unknown,ddPCR Supermix for Probes (No dUTP),VIC,303.214477539063,,,17.2229118347168,13.102147102356,16245,208,16037,0,107,208,15930,0,,,,,,,,,,,,,,,,,,,,,,,,8852.88608727088,2817.29286060166,2894.5722321712,,,,,16.2124099731445,14.1099805831909,,,,,,,,,,,,,No
C09,,,,,1,12.3664131164551,,OK,,DQ,Unknown,Unknown,ddPCR Supermix for Probes (No dUTP),FAM,247.328262329102,,,14.2902059555054,10.4457607269287,15206,159,15047,4,155,264,14783,0.0953188341300911,1.18227183818817,,,1.41423831595231,0.950305284268403,2,,,,,,,2,0.591135900055179,,,0.707119157976156,0.475152642134201,37.1518171411178,,,41.7330329895778,32.5706012926578,16285.9840371954,1739.84262551233,1891.94288096791,,,,,13.3475465774536,11.3860969543457,,,1.30062192354855,1.06392167667216,,,0.650310961774277,0.531960838336081,,,39.4891694059234,34.8144648763122,No
C09,,,,,2,20.9197463989258,,OK,,DQ,Unknown,Unknown,ddPCR Supermix for Probes (No dUTP),VIC,418.394927978516,,,23.4270877838135,18.4177360534668,15206,268,14938,4,155,264,14783,0.0953188341300911,,,,,,,,,,,,,,,,,,,,,,,,8876.02096512069,2807.8620880368,2914.81109363055,,,,,22.1983337402344,19.6425457000732,,,,,,,,,,,,,No
C10,,,,,1,22.2079467773438,,OK,,DQ,Unknown,Unknown,ddPCR Supermix for Probes (No dUTP),FAM,444.158935546875,,,24.6324195861816,19.7884616851807,17273,323,16950,3,320,313,16637,0,2.0447244644165,,,2.36182979096675,1.72761935780664,2,,,,,,,2,1.02236228719335,,,1.18091489548338,0.86380967890332,50.5528754005886,,,54.4295154206906,46.6762353804867,16383.6830646527,1755.53959892521,2029.08156265067,,,,,23.4442977905273,20.9728927612305,,,2.20651285605165,1.88293629272174,,,1.10325642802583,0.941468146360869,,,52.5307518109805,48.5749989901968,No
C10,,,,,2,21.722188949585,,OK,,DQ,Unknown,Unknown,ddPCR Supermix for Probes (No dUTP),VIC,434.443786621094,,,24.119722366333,19.329532623291,17273,316,16957,3,320,313,16637,0,,,,,,,,,,,,,,,,,,,,,,,,8926.89275118671,2829.12042862265,2940.67580718632,,,,,22.9448108673096,20.5008373260498,,,,,,,,,,,,,No
C11,,,,,1,13.6467199325562,,OK,,DQ,Unknown,Unknown,ddPCR Supermix for Probes (No dUTP),FAM,272.934387207031,,,15.5395917892456,11.756890296936,17342,200,17142,6,194,444,16698,0.0570907955383615,0.88240373134613,,,1.0293860038933,0.735421487967374,2,,,,,,,2,0.441201872965169,,,0.51469300194665,0.367710743983687,30.6134679146252,,,34.1516915838552,27.0752442453951,16172.0774462891,1739.1669232479,1905.61728102717,,,,,14.6120910644531,12.6821413040161,,,0.957394658974556,0.807412832886118,,,0.478697329487278,0.403706416443059,,,32.4186832323616,28.8082525968887,No
C11,,,,,2,30.9307842254639,,OK,,DQ,Unknown,Unknown,ddPCR Supermix for Probes (No dUTP),VIC,618.615661621094,,,33.7922058105469,28.0763092041016,17342,450,16892,6,194,444,16698,0.0570907955383615,,,,,,,,,,,,,,,,,,,,,,,,8832.41947916667,2810.0700926766,2966.341412243,,,,,32.3898239135742,29.4735546112061,,,,,,,,,,,,,No
C12,,,,,1,30.0656757354736,,OK,,DQ,Unknown,Unknown,ddPCR Supermix for Probes (No dUTP),FAM,601.313537597656,,,33.1458435058594,26.9935512542725,14545,367,14178,22,345,796,13382,0.119586591678489,0.883022785186768,,,0.991766939229002,0.774278647234791,2,,,,,,,2,0.441511396615948,,,0.495883469614501,0.387139323617395,30.6283667026447,,,33.2449811245129,28.0117522807766,16003.7296997403,1790.56121830477,2149.18843265244,,,,,31.6361808776855,28.4972629547119,,,0.938504359415122,0.827541227048672,,,0.469252179707561,0.413770613524336,,,31.9633706689891,29.2933627363004,No
C12,,,,,2,68.09716796875,,OK,,DQ,Unknown,Unknown,ddPCR Supermix for Probes (No dUTP),VIC,1361.943359375,,,72.7737884521484,63.4390678405762,14545,818,13727,22,345,796,13382,0.119586591678489,,,,,,,,,,,,,,,,,,,,,,,,8851.39690759188,2764.08983135355,3106.43546135444,,,,,70.4808807373047,65.7182846069336,,,,,,,,,,,,,No
D01,,,,,1,0,,Manual,Droplets Analyzed Manually,DQ,NegCtrl,Unknown,ddPCR Supermix for Probes (No dUTP),FAM,0,,,0.232538715004921,0,15159,0,15159,0,0,660,14499,0,0,,,,,2,,9950.921875,,,,64.259112224711,2,,,,,,,,,,,,1980.5247431265,1980.5247431265,,,,,0.106251135468483,0,,,,,,,,,,,,,No
D01,,,,,2,52.3702735900879,,OK,,DQ,NegCtrl,Unknown,ddPCR Supermix for Probes (No dUTP),VIC,1047.40551757813,,,56.3728866577148,48.381233215332,15159,660,14499,0,0,660,14499,0,,,,,,,,3681.66870117188,,,,,,,,,,,,,,,,9429.41954826586,3021.40445258853,3300.39976647117,,,,,54.4107208251953,50.3333625793457,,,,,,,,,,,,,No
D02,,,,,1,32.7754325866699,,Manual,Droplets Analyzed Manually,DQ,Unknown,Unknown,ddPCR Supermix for Probes (No dUTP),FAM,655.508666992188,,,36.5736389160156,28.9894504547119,10446,287,10159,8,279,487,9672,0,1.14773917198181,,,1.31465040627733,0.980827924741324,2,,9571.3125,,,8.88783042428752,63.783042946495,2,0.573869582754664,,,0.657325203138665,0.490413962370662,36.4623339216105,,,39.8314665349003,33.0932013083207,17010.3686336291,1976.07644391672,2389.13808075833,,,,,34.7117576599121,30.8422870635986,,,1.23289764462763,1.06258068639103,,,0.616448822313814,0.531290343195513,,,38.1812727298985,34.7433951133225,No
D02,,,,,2,57.1130332946777,,Manual,Droplets Analyzed Manually,DQ,Unknown,Unknown,ddPCR Supermix for Probes (No dUTP),VIC,1142.26062011719,,,62.1557197570801,52.0918731689453,10446,495,9951,8,279,487,9672,0,,,,,,,,6291.41015625,,,10.5515240130592,23.4955272001994,,,,,,,,,,,,9483.21404869002,2962.66075067881,3271.64733717274,,,,,59.6831359863281,54.5485420227051,,,,,,,,,,,,,No
D03,,,,,1,11.4501123428345,,OK,,DQ,Unknown,Unknown,ddPCR Supermix for Probes (No dUTP),FAM,229.002243041992,,,13.2900972366333,9.61300182342529,15384,149,15235,4,145,247,14988,0.12316126099412,1.18327856063843,,,1.42313225291675,0.943424788077079,2,,2166.740234375,,,,,2,0.591639260248456,,,0.711566126458373,0.47171239403854,37.1716930478393,,,41.9056815527919,32.4377045428868,13984.2748253329,1813.00210871157,1930.88560031171,,,,,12.388521194458,10.5124521255493,,,1.30565280688436,1.06090423410946,,,0.652826403442181,0.530452117054732,,,39.5869919853014,34.7563941103772,No
D03,,,,,2,19.353199005127,,OK,,DQ,Unknown,Unknown,ddPCR Supermix for Probes (No dUTP),VIC,387.06396484375,,,21.749927520752,16.9613399505615,15384,251,15133,4,145,247,14988,0.12316126099412,,,,,,,,3305.00756835938,,,,,,,,,,,,,,,,8923.94348582234,2832.54252487482,2931.92770695996,,,,,20.5754089355469,18.1322555541992,,,,,,,,,,,,,No
D04,,,,,1,5.8990535736084,,OK,,DQ,Unknown,Unknown,ddPCR Supermix for Probes (No dUTP),FAM,117.981071472168,,,7.3327169418335,4.66658020019531,15195,76,15119,2,74,147,14972,0.0986003166018951,1.01767158508301,,,1.29978830224461,0.735554756015284,2,,,,,,,2,0.508835764564974,,,0.649894151122305,0.367777378007642,33.7237343198636,,,39.9197851581604,27.5276834815667,16498.6203227796,1784.81463199567,1858.40786875116,,,,,6.6006007194519,5.24933004379272,,,1.16097629247237,0.874366765787525,,,0.580488146236185,0.437183382893763,,,36.8710962765341,30.576372363193,No
D04,,,,,2,11.5932369232178,,OK,,DQ,Unknown,Unknown,ddPCR Supermix for Probes (No dUTP),VIC,231.86474609375,,,13.4562377929688,9.73318099975586,15195,149,15046,2,74,147,14972,0.0986003166018951,,,,,,,,,,,,,,,,,,,,,,,,8930.98053429111,2850.79683025806,2910.41824334795,,,,,12.5433788299561,10.6438608169556,,,,,,,,,,,,,No
D05,,,,,1,8.92283821105957,,OK,,DQ,Unknown,Unknown,ddPCR Supermix for Probes (No dUTP),FAM,178.456756591797,,,10.5204248428345,7.32741785049438,15882,120,15762,2,118,183,15579,0.0454762104044712,1.29462385177612,,,1.59204731406746,0.997200454826525,2,,2522.22631835938,,,,,2,0.647311942223497,,,0.796023657033732,0.498600227413262,39.2950433753168,,,44.7752065221659,33.8148802284678,16925.4802469889,1838.55365545522,1952.54630065003,,,,,9.73766231536865,8.10857772827148,,,1.44637045285777,1.14287731603622,,,0.723185226428884,0.57143865801811,,,42.091043518704,36.4990432319296,No
D05,,,,,2,13.7844486236572,,OK,,DQ,Unknown,Unknown,ddPCR Supermix for Probes (No dUTP),VIC,275.68896484375,,,15.7725067138672,11.7997436523438,15882,185,15697,2,118,183,15579,0.0454762104044712,,,,,,,,4190.09521484375,,,,,,,,,,,,,,,,9248.24368665541,2959.41180932015,3032.66668259222,,,,,14.7983446121216,12.7714262008667,,,,,,,,,,,,,No
D06,,,,,1,8.86914825439453,,OK,,DQ,Unknown,Unknown,ddPCR Supermix for Probes (No dUTP),FAM,177.382965087891,,,10.5430746078491,7.19760179519653,14380,108,14272,2,106,321,13951,0,0.663687169551849,,,0.808280585699475,0.519093725544913,2,,,,,,,2,0.331843577811097,,,0.404140292849738,0.259546862772457,24.9161075174073,,,28.9919005528983,20.8403144819163,16883.6859447338,1820.89182170303,1934.01989995667,,,,,9.7228946685791,8.01602172851563,,,0.73745924792801,0.589915063316378,,,0.368729623964005,0.294957531658189,,,26.9955919025066,22.836623132308,No
D06,,,,,2,26.7268943786621,,OK,,DQ,Unknown,Unknown,ddPCR Supermix for Probes (No dUTP),VIC,534.537902832031,,,29.645336151123,23.815673828125,14380,323,14057,2,106,321,13951,0,,,,,,,,,,,,,,,,,,,,,,,,9200.89140806405,2926.96280955162,3067.8862405196,,,,,28.2149906158447,25.2406787872314,,,,,,,,,,,,,No
D07,,,,,1,12.1906986236572,,OK,,DQ,Unknown,Unknown,ddPCR Supermix for Probes (No dUTP),FAM,243.81396484375,,,14.1114683151245,10.2730598449707,15036,155,14881,4,151,390,14491,0,0.780477583408356,,,0.925519747078343,0.635435401303611,2,,,,,,,2,0.390238787095488,,,0.462759873539171,0.317717700651805,28.0699107748808,,,31.8221066328995,24.317714916862,16429.1694808468,1778.32571835848,1929.35529957594,,,,,13.1702919006348,11.2119216918945,,,0.854478629786807,0.706476518595147,,,0.427239314893403,0.353238259297574,,,29.9842950451117,26.1555265046499,No
D07,,,,,2,31.2390747070313,,OK,,DQ,Unknown,Unknown,ddPCR Supermix for Probes (No dUTP),VIC,624.781494140625,,,34.3278694152832,28.1583709716797,15036,394,14642,4,151,390,14491,0,,,,,,,,,,,,,,,,,,,,,,,,8988.99020339269,2860.71069005792,3021.29476349859,,,,,32.8139801025391,29.6662788391113,,,,,,,,,,,,,No
D08,,,,,1,7.056800365448,,OK,,DQ,Unknown,Unknown,ddPCR Supermix for Probes (No dUTP),FAM,141.136001586914,,,8.39468765258789,5.72043228149414,17892,107,17785,0,107,223,17562,0,0.956511497497559,,,1.17698709155859,0.736035878458488,2,,,,,,,2,0.478255742504268,,,0.588493545779293,0.368017939229244,32.3527065549612,,,37.3973607460208,27.3080523639016,16638.9526960426,1775.8058515161,1864.69232102003,,,,,7.73920583724976,6.37479019165039,,,1.06899899847678,0.844023971540294,,,0.53449949923839,0.422011985770147,,,34.9265087779778,29.7789043319446,No
D08,,,,,2,14.7552862167358,,OK,,DQ,Unknown,Unknown,ddPCR Supermix for Probes (No dUTP),VIC,295.105712890625,,,16.693546295166,12.820216178894,17892,223,17669,0,107,223,17562,0,,,,,,,,,,,,,,,,,,,,,,,,9062.03011578615,2883.66111871869,2960.66627668572,,,,,15.7437953948975,13.7676076889038,,,,,,,,,,,,,No
D09,,,,,1,5.22966051101685,,OK,,DQ,Unknown,Unknown,ddPCR Supermix for Probes (No dUTP),FAM,104.593208312988,,,6.61199903488159,4.05571126937866,14655,65,14590,1,64,142,14448,0.0297822698691355,0.906660377979279,,,1.17346721668461,0.63985357525201,2,,,,,,,2,0.453330197984156,,,0.586733608342307,0.319926787626005,31.1925121086005,,,37.5084570711575,24.8765671460436,16382.2292367788,1747.07984392403,1811.99179960711,,,,,5.90412712097168,4.60885143280029,,,1.04214243926941,0.771178352667213,,,0.521071219634706,0.385589176333607,,,34.3996907204786,27.9853334967225,No
D09,,,,,2,11.5360956192017,,OK,,DQ,Unknown,Unknown,ddPCR Supermix for Probes (No dUTP),VIC,230.721908569336,,,13.4284286499023,9.64679908752441,14655,143,14512,1,64,142,14448,0.0297822698691355,,,,,,,,,,,,,,,,,,,,,,,,8949.76236410074,2834.04765222249,2893.72333996036,,,,,12.5011911392212,10.5717897415161,,,,,,,,,,,,,No
D10,,,,,1,26.6933441162109,,OK,,DQ,Unknown,Unknown,ddPCR Supermix for Probes (No dUTP),FAM,533.866882324219,,,29.3422622680664,24.0503749847412,17429,391,17038,14,377,818,16220,0,0.927732765674591,,,1.03922978475771,0.816235747832161,2,,,,,,,2,0.463866383147467,,,0.519614892378854,0.408117873916081,31.6877543256445,,,34.2892935797978,29.0862150714912,16269.0802654452,1753.91869345203,2079.5500076209,,,,,28.0440883636475,25.3441467285156,,,0.984618935412703,0.870846597177167,,,0.492309467706351,0.435423298588584,,,33.0150687598658,30.3604398914232,No
D10,,,,,2,57.5453300476074,,OK,,DQ,Unknown,Unknown,ddPCR Supermix for Probes (No dUTP),VIC,1150.90661621094,,,61.4624824523926,53.6411743164063,17429,832,16597,14,377,818,16220,0,,,,,,,,,,,,,,,,,,,,,,,,8895.36646505503,2821.17944366093,3111.14006112607,,,,,59.5422477722168,55.5517959594727,,,,,,,,,,,,,No
D11,,,,,1,15.0208568572998,,OK,,DQ,Unknown,Unknown,ddPCR Supermix for Probes (No dUTP),FAM,300.417144775391,,,17.0029487609863,13.0421009063721,17420,221,17199,6,215,421,16778,0.0408690613324721,1.02893042564392,,,1.19604944703839,0.861811415106842,2,,,,,,,2,0.514465215536307,,,0.598024723519194,0.430905707553421,33.9700912413576,,,37.6132430492869,30.3269394334284,16326.5617841488,1741.48544659125,1926.51999714235,,,,,16.0317115783691,14.010871887207,,,1.11419514943796,0.943665712707273,,,0.557097574718978,0.471832856353636,,,35.828840295558,32.1113421871573,No
D11,,,,,2,29.1970310211182,,OK,,DQ,Unknown,Unknown,ddPCR Supermix for Probes (No dUTP),VIC,583.940612792969,,,31.9697360992432,26.4308471679688,17420,427,16993,6,215,421,16778,0.0408690613324721,,,,,,,,,,,,,,,,,,,,,,,,8903.07458696209,2822.37838209403,2971.42874256927,,,,,30.6108589172363,27.7849006652832,,,,,,,,,,,,,No
D12,,,,,1,50.3759880065918,,OK,,DQ,Unknown,Unknown,ddPCR Supermix for Probes (No dUTP),FAM,1007.51977539063,,,54.2704887390137,46.4943389892578,15388,645,14743,33,612,693,14050,0.215145883361059,1.77200865745544,,,1.95995397041871,1.58406323954754,2,,,,,,,2,0.886004302491564,,,0.979976985209357,0.792031619773772,46.9778516051677,,,49.6197509484199,44.3359522619154,16143.3271075581,1777.1079092289,2379.27917144117,,,,,52.3613700866699,48.3939590454102,,,1.86789881447769,1.67611839548857,,,0.933949407238846,0.838059197744283,,,48.325755454251,45.6299477560843,No
D12,,,,,2,56.8574981689453,,OK,,DQ,Unknown,Unknown,ddPCR Supermix for Probes (No dUTP),VIC,1137.14990234375,,,61.0011367797852,52.7283935546875,15388,726,14662,33,612,693,14050,0.215145883361059,,,,,,,,,,,,,,,,,,,,,,,,8857.24013752583,2778.34549310279,3065.14543538581,,,,,58.9697761535645,54.7490005493164,,,,,,,,,,,,,No
E01,,,,,1,0,,Manual,Droplets Analyzed Manually,DQ,NegCtrl,Unknown,ddPCR Supermix for Probes (No dUTP),FAM,0,,,0.259790331125259,0,13569,0,13569,0,0,563,13006,0,0,,,,,2,,10005.15234375,,,,81.3343023188782,2,,,,,,,,,,,,1932.40470650191,1932.40470650191,,,,,0.11870214343071,0,,,,,,,,,,,,,No
E01,,,,,2,49.855281829834,,OK,,DQ,NegCtrl,Unknown,ddPCR Supermix for Probes (No dUTP),VIC,997.105651855469,,,53.9810676574707,45.7439117431641,13569,563,13006,0,0,563,13006,0,,,,,,,,4102.294921875,,,,,,,,,,,,,,,,9290.98976343944,2956.27532543198,3219.11298691022,,,,,51.9584693908691,47.7558517456055,,,,,,,,,,,,,No
E02,,,,,1,33.8756141662598,,OK,,DQ,Unknown,Unknown,ddPCR Supermix for Probes (No dUTP),FAM,677.512268066406,,,37.1755447387695,30.5849208831787,14304,406,13898,10,396,370,13528,0,2.1388304233551,,,2.43805975272175,1.83960126896891,2,,,,,,,2,1.06941525542267,,,1.21902987636087,0.919800634484457,51.677170766978,,,55.1708155342211,48.183525999735,17225.554216056,1913.51263774675,2348.12455614675,,,,,35.5580940246582,32.1955375671387,,,2.29149815940615,1.98616286228451,,,1.14574907970308,0.993081431142253,,,53.4596387108767,49.8947028230793,No
E02,,,,,2,31.6767635345459,,OK,,DQ,Unknown,Unknown,ddPCR Supermix for Probes (No dUTP),VIC,633.535278320313,,,34.8661460876465,28.4960041046143,14304,380,13924,10,396,370,13528,0,,,,,,,,,,,,,,,,,,,,,,,,9369.84242136102,3002.1492222252,3171.31333126264,,,,,33.3029174804688,30.0528526306152,,,,,,,,,,,,,No
E03,,,,,1,7.75630617141724,,OK,,DQ,Unknown,Unknown,ddPCR Supermix for Probes (No dUTP),FAM,155.126129150391,,,9.48998165130615,6.2491512298584,13544,89,13455,2,87,205,13250,0.0568064040430504,0.856131255626678,,,1.06965782307502,0.642604675897323,2,,4100.22900390625,,,,,2,0.428065624743087,,,0.534828911537512,0.321302337948661,29.9752068340765,,,35.210314343116,24.7400993250369,16267.0936183287,1762.17473642611,1857.48910297139,,,,,8.60685539245605,6.96412754058838,,,0.964576517635501,0.747685981336846,,,0.48228825881775,0.373842990668423,,,32.6339983281109,27.3164153400421,No
E03,,,,,2,18.1194324493408,,OK,,DQ,Unknown,Unknown,ddPCR Supermix for Probes (No dUTP),VIC,362.388641357422,,,20.5904483795166,15.6535940170288,13544,207,13337,2,87,205,13250,0.0568064040430504,,,,,,,,3197.99926757813,,,,,,,,,,,,,,,,8528.53091504378,2812.7015799781,2900.05957409791,,,,,19.3795051574707,16.8607063293457,,,,,,,,,,,,,No
E04,,,,,1,30.6884651184082,,OK,,DQ,Unknown,Unknown,ddPCR Supermix for Probes (No dUTP),FAM,613.769287109375,,,33.6272048950195,27.7570476531982,16312,420,15892,9,411,437,15455,0,1.8818736076355,,,2.13267351300989,1.6310736924718,2,,,,,,,2,0.940936801370422,,,1.06633675650494,0.8155368462359,48.4784873317906,,,51.8071868404477,45.1497878231335,16636.8000720796,1825.56164266575,2206.92016034316,,,,,32.1869049072266,29.191930770874,,,2.00983255223425,1.75391465324744,,,1.00491627611713,0.876957326623718,,,50.1768009071426,46.7801737564386,No
E04,,,,,2,32.6147994995117,,OK,,DQ,Unknown,Unknown,ddPCR Supermix for Probes (No dUTP),VIC,652.296020507813,,,35.6457328796387,29.5916519165039,16312,446,15866,9,411,437,15455,0,,,,,,,,,,,,,,,,,,,,,,,,9035.16053505115,2886.64172829527,3054.7535102848,,,,,34.1602172851563,31.0714054107666,,,,,,,,,,,,,No
E05,,,,,1,10.1917533874512,,OK,,DQ,Unknown,Unknown,ddPCR Supermix for Probes (No dUTP),FAM,203.835067749023,,,11.8996486663818,8.4863338470459,15883,137,15746,1,136,264,15482,0,1.02976012229919,,,1.24214568796629,0.817374576963927,2,,,,,,,2,0.514880066232555,,,0.621072843983147,0.408687288481964,33.9881735663102,,,38.6155888776866,29.3607582549337,16790.21705349,1885.00117761299,2013.56722779212,,,,,11.0628185272217,9.32133293151855,,,1.13811999092656,0.921400274003665,,,0.569059995463278,0.460700137001833,,,36.3490971564282,31.6272499761921,No
E05,,,,,2,19.7944221496582,,OK,,DQ,Unknown,Unknown,ddPCR Supermix for Probes (No dUTP),VIC,395.888427734375,,,22.1801528930664,17.4135208129883,15883,265,15618,1,136,264,15482,0,,,,,,,,,,,,,,,,,,,,,,,,9255.81260134139,2909.4517891828,3015.33768071602,,,,,21.0110263824463,18.5790748596191,,,,,,,,,,,,,No
E06,,,,,1,7.60925054550171,,OK,,DQ,Unknown,Unknown,ddPCR Supermix for Probes (No dUTP),FAM,152.185012817383,,,9.29976463317871,6.13843727111816,13960,90,13870,1,89,183,13687,0,0.974945724010468,,,1.22164755822788,0.728243933251236,2,,,,,,,2,0.487472872869778,,,0.610823779113939,0.364121966625618,32.7718832229389,,,38.3468750636572,27.1968913822207,16766.2401150174,1802.1729061542,1898.64611881879,,,,,8.43883991241455,6.83627414703369,,,1.10026990912841,0.849621582350699,,,0.550134954564207,0.424810791175349,,,35.6039710024756,29.9397954434022,No
E06,,,,,2,15.6095876693726,,OK,,DQ,Unknown,Unknown,ddPCR Supermix for Probes (No dUTP),VIC,312.191741943359,,,17.8672466278076,13.3562526702881,13960,184,13776,1,89,183,13687,0,,,,,,,,,,,,,,,,,,,,,,,,9131.0731360394,2900.43774463242,2982.56073259938,,,,,16.760913848877,14.4593877792358,,,,,,,,,,,,,No
E07,,,,,1,6.92460060119629,,OK,,DQ,Unknown,Unknown,ddPCR Supermix for Probes (No dUTP),FAM,138.492004394531,,,8.48107814788818,5.57236242294312,14995,88,14907,0,88,167,14740,0,1.05109989643097,,,1.32340473027344,0.77879499588359,2,,,,,,,2,0.525549931539257,,,0.661702365136718,0.389397497941795,34.4498675968596,,,40.3000924009199,28.5996427927994,16604.9137628729,1785.36909967285,1872.33941846989,,,,,7.68816900253296,6.21366167068481,,,1.18944508230618,0.912754643850847,,,0.59472254115309,0.456377321925423,,,37.4220900230915,31.4776451706277,No
E07,,,,,2,13.17591381073,,OK,,DQ,Unknown,Unknown,ddPCR Supermix for Probes (No dUTP),VIC,263.518280029297,,,15.1760063171387,11.179217338562,14995,167,14828,0,88,167,14740,0,,,,,,,,,,,,,,,,,,,,,,,,9077.00769554641,2883.4930616759,2952.4705170848,,,,,14.1959438323975,12.1567668914795,,,,,,,,,,,,,No
E08,,,,,1,30.4068660736084,,OK,,DQ,Unknown,Unknown,ddPCR Supermix for Probes (No dUTP),FAM,608.137329101563,,,33.2679023742676,27.5527725219727,17049,435,16614,10,425,454,16160,0,1.87336993217468,,,2.11842838758383,1.62831153758927,2,,,,,,,2,0.936684981293275,,,1.05921419379192,0.814155768794634,48.3653764210934,,,51.6321698469206,45.0985829952662,16475.2156496947,1776.02119998512,2151.06663289166,,,,,31.8657093048096,28.9498310089111,,,1.9983996163385,1.7483403088346,,,0.999199808169252,0.874170154417298,,,50.0321056956118,46.698647146575,No
E08,,,,,2,32.4622116088867,,OK,,DQ,Unknown,Unknown,ddPCR Supermix for Probes (No dUTP),VIC,649.244262695313,,,35.4197769165039,29.5120582580566,17049,464,16585,10,425,454,16160,0,,,,,,,,,,,,,,,,,,,,,,,,9024.53733457368,2867.27879931979,3034.85273094967,,,,,33.9702453613281,30.9561061859131,,,,,,,,,,,,,No
E09,,,,,1,13.8676099777222,,OK,,DQ,Unknown,Unknown,ddPCR Supermix for Probes (No dUTP),FAM,277.352203369141,,,15.8411569595337,11.897367477417,16214,190,16024,5,185,372,15652,0.043762401436272,1.00207626819611,,,1.17682192338934,0.827330617897286,2,,,,,,,2,0.501038135321658,,,0.588410961694672,0.413665308948643,33.3794407704565,,,37.2573079728036,29.5015735681095,16369.7309878701,1766.11130208679,1937.24043371987,,,,,14.8741073608398,12.8619709014893,,,1.09123213250397,0.912920408782665,,,0.545616066251983,0.456460204391333,,,35.3579425939547,31.4009389469583,No
E09,,,,,2,27.6777534484863,,OK,,DQ,Unknown,Unknown,ddPCR Supermix for Probes (No dUTP),VIC,553.555053710938,,,30.475076675415,24.8870697021484,16214,377,15837,5,185,372,15652,0.043762401436272,,,,,,,,,,,,,,,,,,,,,,,,8968.98007760693,2844.45667073521,2986.86109434386,,,,,29.1041278839111,26.2531089782715,,,,,,,,,,,,,No
E10,,,,,1,11.0063724517822,,OK,,DQ,Unknown,Unknown,ddPCR Supermix for Probes (No dUTP),FAM,220.12744140625,,,12.7632341384888,9.25212955474854,16216,151,16065,1,150,345,15720,0,0.86753249168396,,,1.03337565938903,0.70168930847714,2,,,,,,,2,0.433766241966542,,,0.516687829694515,0.35084465423857,30.2536235873145,,,34.2873915064699,26.2198556681591,16468.5888154491,1750.60153276697,1887.6523516918,,,,,11.9024019241333,10.1110239028931,,,0.952146267349174,0.782918700516995,,,0.476073133674587,0.391459350258497,,,32.3116664589843,28.1955807156447,No
E10,,,,,2,25.3739719390869,,OK,,DQ,Unknown,Unknown,ddPCR Supermix for Probes (No dUTP),VIC,507.479431152344,,,28.0507259368896,22.7032909393311,16216,346,15870,1,150,345,15720,0,,,,,,,,,,,,,,,,,,,,,,,,8967.4690322435,2836.50112524676,2967.31728803788,,,,,26.7389011383057,24.0106201171875,,,,,,,,,,,,,No
E11,,,,,1,16.4909687042236,,OK,,DQ,Unknown,Unknown,ddPCR Supermix for Probes (No dUTP),FAM,329.819366455078,,,18.5535869598389,14.431960105896,17673,246,17427,6,240,510,16917,0,0.946100056171417,,,1.08977680684421,0.802423365042341,2,,,,,,,2,0.473050042971637,,,0.544888403422103,0.40121168252117,32.1136437440602,,,35.4243557960043,28.8029316921161,16252.2955530678,1733.00067024146,1935.10255114313,,,,,17.5428733825684,15.4400033950806,,,1.01940445544347,0.872795716443076,,,0.509702227721736,0.436397858221538,,,33.8027807040539,30.4245067840665,No
E11,,,,,2,34.8609390258789,,OK,,DQ,Unknown,Unknown,ddPCR Supermix for Probes (No dUTP),VIC,697.21875,,,37.8728485107422,31.8567180633545,17673,516,17157,6,240,510,16917,0,,,,,,,,,,,,,,,,,,,,,,,,8833.28278013717,2802.92448780415,2978.99334305475,,,,,36.3966636657715,33.3272171020508,,,,,,,,,,,,,No
E12,,,,,1,52.1223030090332,,OK,,DQ,Unknown,Unknown,ddPCR Supermix for Probes (No dUTP),FAM,1042.44604492188,,,56.1272583007813,48.1309394836426,15068,653,14415,30,623,575,13840,0.321464501343787,2.16224312782288,,,2.40140991950775,1.92307618662511,2,,,,,,,2,1.08112152653322,,,1.20070495975388,0.961538093312554,51.9489858112311,,,54.7100476584936,49.1879239639685,16202.9465821808,1790.98000064867,2415.5495638117,,,,,54.1639442443848,50.0842018127441,,,2.28426664755486,2.040219458578,,,1.14213332377743,1.020109729289,,,53.3576871761859,50.5402844462763,No
E12,,,,,2,48.2113265991211,,OK,,DQ,Unknown,Unknown,ddPCR Supermix for Probes (No dUTP),VIC,964.2265625,,,52.0596160888672,44.3755798339844,15068,605,14463,30,623,575,13840,0.321464501343787,,,,,,,,,,,,,,,,,,,,,,,,8926.10594896048,2786.8958439342,3033.3931968371,,,,,50.1731643676758,46.2527465820313,,,,,,,,,,,,,No
F01,,,,,1,41.3779296875,,OK,,DQ,Unknown,Unknown,ddPCR Supermix for Probes (No dUTP),FAM,827.55859375,,,45.356372833252,37.4128913879395,12066,417,11649,24,393,677,10972,0,1.17525172233582,,,1.31772094461181,1.03278242003708,2,,,,,,,2,0.587625841162222,,,0.658860472305907,0.516391210018538,37.0128670072572,,,39.839014748876,34.1867192656385,17208.1996941509,1960.50301205798,2487.46219624766,,,,,43.4060668945313,39.3532829284668,,,1.24793978717921,1.10256357746967,,,0.623969893589607,0.551281788734837,,,38.4547732828965,35.5709607316179,No
F01,,,,,2,70.4154357910156,,OK,,DQ,Unknown,Unknown,ddPCR Supermix for Probes (No dUTP),VIC,1408.30871582031,,,75.6405258178711,65.2134475708008,12066,701,11365,24,393,677,10972,0,,,,,,,,,,,,,,,,,,,,,,,,9326.61715963802,2970.42045327022,3339.69725512368,,,,,73.0783996582031,67.7584915161133,,,,,,,,,,,,,No
F02,,,,,1,78.9797821044922,,Manual,Droplets Analyzed Manually,DQ,Unknown,Unknown,ddPCR Supermix for Probes (No dUTP),FAM,1579.595703125,,,84.8675003051758,73.1213760375977,10704,695,10009,54,641,630,9379,1.20337295860233,2.03326773643494,,,2.24794996983511,1.81858548685936,2,,9137.4736328125,,,6.81685778119365,53.9496094109179,2,1.01663386417362,,,1.12397498491756,0.909292743429681,50.412416563788,,,53.0518578999611,47.7729752276148,16585.4619772932,1940.90574330271,2891.76211312926,,,,,81.9800415039063,75.9871597290039,,,2.14279879859787,1.9237366580966,,,1.07139939929894,0.961868329048301,,,51.7590618773974,49.0657712501785,No
F02,,,,,2,77.6875381469727,,Manual,Droplets Analyzed Manually,DQ,Unknown,Unknown,ddPCR Supermix for Probes (No dUTP),VIC,1553.75073242188,,,83.5251541137695,71.8787460327148,10704,684,10020,54,641,630,9379,1.20337295860233,,,,,,,,6239.349609375,,,9.44716215516704,20.4301528318751,,,,,,,,,,,,9325.47146981223,2901.87395852826,3312.3504811103,,,,,80.6622924804688,74.7202835083008,,,,,,,,,,,,,No
F03,,,,,1,24.1975040435791,,OK,,DQ,Unknown,Unknown,ddPCR Supermix for Probes (No dUTP),FAM,483.950073242188,,,26.9527778625488,21.4486694335938,14589,297,14292,8,289,301,13991,0.143751484309008,1.92152571678162,,,2.22757396736991,1.61547735175283,2,,,,,,,2,0.960762829780687,,,1.11378698368496,0.807738675876417,48.999441196473,,,52.9796866606465,45.0191957322994,16574.9511554346,1802.2431889002,2102.98307964396,,,,,25.6024494171143,22.7942352294922,,,2.0776725080074,1.76537881111535,,,1.0388362540037,0.882689405557675,,,51.0301754610162,46.9687069319297,No
F03,,,,,2,25.1857204437256,,OK,,DQ,Unknown,Unknown,ddPCR Supermix for Probes (No dUTP),VIC,503.714416503906,,,27.9973526000977,22.3807926177979,14589,309,14280,8,289,301,13991,0.143751484309008,,,,,,,,,,,,,,,,,,,,,,,,8973.80290187601,2848.44575319263,2978.18290851124,,,,,26.6193885803223,23.7538013458252,,,,,,,,,,,,,No
F04,,,,,1,12.8993825912476,,OK,,DQ,Unknown,Unknown,ddPCR Supermix for Probes (No dUTP),FAM,257.987640380859,,,14.8066997528076,10.995153427124,16140,176,15964,5,171,340,15624,0.0932176146696038,1.01488959789276,,,1.19915020030181,0.830628884243562,2,,2295.15161132813,,,,,2,0.507444771136343,,,0.599575100150905,0.415314442121781,33.6625779499584,,,37.7169145574887,29.6082413424281,16275.07001426,1817.99217722297,1975.64060964667,,,,,13.8721179962158,11.9274520874023,,,1.10890000061563,0.920879083929743,,,0.554450000307815,0.460439541964871,,,35.7311152428744,31.5940406570423,No
F04,,,,,2,25.4202690124512,,OK,,DQ,Unknown,Unknown,ddPCR Supermix for Probes (No dUTP),VIC,508.405395507813,,,28.1058025360107,22.7408504486084,16140,345,15795,5,171,340,15624,0.0932176146696038,,,,,,,,4084.390625,,,,,,,,,,,,,,,,9048.55033259737,2886.75888597682,3018.47004143432,,,,,26.7896728515625,24.0524578094482,,,,,,,,,,,,,No
F05,,,,,1,22.2283744812012,,OK,,DQ,Unknown,Unknown,ddPCR Supermix for Probes (No dUTP),FAM,444.567504882813,,,24.750696182251,19.7114524841309,15975,299,15676,8,291,250,15426,0.241868625979173,2.32084965705872,,,2.70738710421547,1.93431222388924,2,,,,,,,2,1.16042483202618,,,1.35369355210774,0.967156111944621,53.7128075378518,,,57.8535979558818,49.5720171198217,16995.5466659699,1856.05248317928,2139.41453392447,,,,,23.5145969390869,20.9435577392578,,,2.5180622946556,2.12363703344911,,,1.2590311473278,1.06181851672456,,,55.8254519708769,51.6001631048266,No
F05,,,,,2,19.1553764343262,,OK,,DQ,Unknown,Unknown,ddPCR Supermix for Probes (No dUTP),VIC,383.107543945313,,,21.4951515197754,16.8202495574951,15975,258,15717,8,291,250,15426,0.241868625979173,,,,,,,,,,,,,,,,,,,,,,,,9272.44462360707,2967.63351540815,3069.45769480817,,,,,20.3485565185547,17.9634075164795,,,,,,,,,,,,,No
F06,,,,,1,17.4307918548584,,OK,,DQ,Unknown,Unknown,ddPCR Supermix for Probes (No dUTP),FAM,348.615844726563,,,19.8370685577393,15.029426574707,13735,202,13533,6,196,318,13215,0.109946795545148,1.24129855632782,,,1.45941291631329,1.02318429390231,2,,2211.84497070313,,,,,2,0.620649302553899,,,0.729706458156644,0.511592146951153,38.2963360164256,,,42.4485150681871,34.1441569646641,15990.6315821279,1852.30472911016,2060.23643819714,,,,,18.6578693389893,16.2049922943115,,,1.35258133614189,1.13001587407371,,,0.676290668070944,0.565007937036853,,,40.414793178034,36.1778788548171,No
F06,,,,,2,28.0847682952881,,OK,,DQ,Unknown,Unknown,ddPCR Supermix for Probes (No dUTP),VIC,561.695373535156,,,31.1469421386719,25.0305461883545,13735,324,13411,6,196,318,13215,0.109946795545148,,,,,,,,3402.810546875,,,,,,,,,,,,,,,,9171.22144911024,2881.33360786031,3029.70810080279,,,,,29.6461067199707,26.5254993438721,,,,,,,,,,,,,No
F07,,,,,1,29.6802253723145,,OK,,DQ,Unknown,Unknown,ddPCR Supermix for Probes (No dUTP),FAM,593.6044921875,,,32.8629531860352,26.50608253479,13447,335,13112,9,326,364,12748,0,1.79365348815918,,,2.05828911096506,1.52901783712292,2,,,,,,,2,0.896826737021993,,,1.02914455548253,0.764508918561458,47.2803719769369,,,50.957959409627,43.6027845442468,16403.0800664646,1829.81314753497,2192.87140720935,,,,,31.3029899597168,28.0596942901611,,,1.92867134865588,1.65863559943209,,,0.964335674327942,0.829317799716044,,,49.156687822521,45.4040561313528,No
F07,,,,,2,33.0947151184082,,OK,,DQ,Unknown,Unknown,ddPCR Supermix for Probes (No dUTP),VIC,661.894287109375,,,36.4582443237305,29.7407741546631,13447,373,13074,9,326,364,12748,0,,,,,,,,,,,,,,,,,,,,,,,,9067.21010231652,2823.01958007252,2996.22424020467,,,,,34.8095970153809,31.3823261260986,,,,,,,,,,,,,No
F08,,,,,1,14.477147102356,,OK,,DQ,Unknown,Unknown,ddPCR Supermix for Probes (No dUTP),FAM,289.542938232422,,,16.4853038787842,12.4724140167236,16353,200,16153,5,195,421,15732,0,0.932396471500397,,,1.08904653876584,0.775746415249093,2,,2329.62524414063,,,,,2,0.466198238503732,,,0.544523269382918,0.387873207624547,31.7963987584306,,,35.4398686747287,28.1529288421325,16261.6228845215,1777.59840770828,1954.74051590633,,,,,15.5012893676758,13.4538974761963,,,1.01231990952935,0.852473044485576,,,0.506159954764677,0.426236522242788,,,33.6553103907155,29.9374871261457,No
F08,,,,,2,31.0536289215088,,OK,,DQ,Unknown,Unknown,ddPCR Supermix for Probes (No dUTP),VIC,621.072570800781,,,34.0063400268555,28.1083068847656,16353,426,15927,5,195,421,15732,0,,,,,,,,3324.35522460938,,,,,,,,,,,,,,,,8946.19980044656,2860.7060550094,3019.23478585733,,,,,32.5591888427734,29.5499935150146,,,,,,,,,,,,,No
F09,,,,,1,24.4167232513428,,OK,,DQ,Unknown,Unknown,ddPCR Supermix for Probes (No dUTP),FAM,488.33447265625,,,27.1205902099609,21.7190551757813,15287,314,14973,11,303,560,14413,0,1.0903913974762,,,1.24054737281748,0.940235499136045,2,,,,,,,2,0.545195717988382,,,0.620273686408742,0.470117749568023,35.2832791109561,,,38.4277350983842,32.1388231235279,16248.8542122811,1801.35821651417,2098.11452858788,,,,,25.7954692840576,23.0395908355713,,,1.16700143950299,1.01378143245054,,,0.583500719751496,0.506890716225268,,,36.8875898651853,33.6789683567268,No
F09,,,,,2,44.7852439880371,,OK,,DQ,Unknown,Unknown,ddPCR Supermix for Probes (No dUTP),VIC,895.704895019531,,,48.4646492004395,41.1173057556152,15287,571,14716,11,303,560,14413,0,,,,,,,,,,,,,,,,,,,,,,,,8955.00354709391,2818.18182085208,3047.40437633609,,,,,46.6610527038574,42.9124145507813,,,,,,,,,,,,,No
F10,,,,,1,19.2932090759277,,OK,,DQ,Unknown,Unknown,ddPCR Supermix for Probes (No dUTP),FAM,385.864196777344,,,21.5841102600098,17.0067558288574,16784,273,16511,6,267,297,16214,0.0777535515886776,1.80034744739532,,,2.09480789163153,1.50588695945783,2,,3933.99609375,,,,,2,0.900173712772338,,,1.04740394581576,0.752943479728913,47.3732326008758,,,51.4508867523958,43.2955784493559,16160.808817322,1741.11724636523,1975.66060902438,,,,,20.4614791870117,18.1260948181152,,,1.95058224423665,1.6501126068527,,,0.975291122118327,0.82505630342635,,,49.4536668278647,45.292798373887,No
F10,,,,,2,21.4327621459961,,OK,,DQ,Unknown,Unknown,ddPCR Supermix for Probes (No dUTP),VIC,428.655242919922,,,23.8485851287842,19.0218925476074,16784,303,16481,6,267,297,16214,0.0777535515886776,,,,,,,,3918.72924804688,,,,,,,,,,,,,,,,8841.22699276764,2809.26287058535,2918.15736111331,,,,,22.6647052764893,20.2021102905273,,,,,,,,,,,,,No
F11,,,,,1,17.0004749298096,,OK,,DQ,Unknown,Unknown,ddPCR Supermix for Probes (No dUTP),FAM,340.009490966797,,,19.0569458007813,14.9475927352905,18332,263,18069,3,260,241,17828,0,2.15686821937561,,,2.532631799484,1.78110453269346,2,,3468.76831054688,,,,,2,1.07843408304437,,,1.266315899742,0.890552266346732,51.8868551974831,,,56.236083843355,47.5376265516111,16371.8246884654,1747.89535686795,1957.6975287101,,,,,18.0492458343506,15.9526386260986,,,2.34858417825164,1.96515215392582,,,1.17429208912582,0.982576076962909,,,54.1058479308597,49.6678624641065,No
F11,,,,,2,15.7640371322632,,OK,,DQ,Unknown,Unknown,ddPCR Supermix for Probes (No dUTP),VIC,315.280731201172,,,17.7437267303467,13.787672996521,18332,244,18088,3,260,241,17828,0,,,,,,,,3214.2763671875,,,,,,,,,,,,,,,,8838.21363605437,2829.12803642479,2909.10931977137,,,,,16.7736663818359,14.7552728652954,,,,,,,,,,,,,No
F12,,,,,1,63.0544776916504,,OK,,DQ,Unknown,Unknown,ddPCR Supermix for Probes (No dUTP),FAM,1261.08959960938,,,67.4491271972656,58.6761779785156,15215,794,14421,44,750,786,13635,0.0592059548772516,1.91088533401489,,,2.09683296895461,1.72493768762262,2,,,,,,,2,0.955442664144307,,,1.04841648447731,0.862468843811309,48.8606841644424,,,51.2921630564753,46.4292052724094,16113.5496816947,1734.27299315086,2484.66048514585,,,,,65.2945938110352,60.8186149597168,,,2.00575628028703,1.8160143762902,,,1.00287814014352,0.908007188145098,,,50.1012307851202,47.6201375437645,No
F12,,,,,2,65.9950408935547,,OK,,DQ,Unknown,Unknown,ddPCR Supermix for Probes (No dUTP),VIC,1319.90087890625,,,70.4940338134766,61.5131912231445,15215,830,14385,44,750,786,13635,0.0592059548772516,,,,,,,,,,,,,,,,,,,,,,,,8829.51321359657,2795.53128243328,3124.69362241787,,,,,68.2882995605469,63.7062492370605,,,,,,,,,,,,,No
G01,,,,,1,72.6195983886719,,Manual,Droplets Analyzed Manually,DQ,Unknown,Unknown,ddPCR Supermix for Probes (No dUTP),FAM,1452.39196777344,,,78.3276977539063,66.9390563964844,10441,625,9816,22,603,478,9338,0,2.51572060585022,,,2.81160877144755,2.21983266293992,2,,10710.1416015625,,,8.85158059733696,62.5226052064158,2,1.25786035859687,,,1.40580438572377,1.10991633146996,55.7102813647234,,,58.6123205941523,52.8082421352945,16825.47215,1935.74825258885,2827.04960647085,,,,,75.528434753418,69.7179336547852,,,2.66668317336945,2.36475826101801,,,1.33334158668473,1.18237913050901,,,57.1909054172817,54.229657312165,No
G01,,,,,2,57.7326393127441,,Manual,Droplets Analyzed Manually,DQ,Unknown,Unknown,ddPCR Supermix for Probes (No dUTP),VIC,1154.65283203125,,,62.8045539855957,52.6824989318848,10441,500,9941,22,603,478,9338,0,,,,,,,,7282.07177734375,,,6.14420368522501,28.4170582208526,,,,,,,,,,,,9168.6135703125,2896.53457023944,3196.89272559204,,,,,60.3176155090332,55.1533317565918,,,,,,,,,,,,,No
G02,,,,,1,74.8028564453125,,Manual,Droplets Analyzed Manually,DQ,Unknown,Unknown,ddPCR Supermix for Probes (No dUTP),FAM,1496.05712890625,,,80.2919464111328,69.3392486572266,11639,717,10922,56,661,718,10204,0.959542101069104,1.84792590141296,,,2.0356984088085,1.66015344741321,2,,8920.5537109375,,,7.68532437592028,43.0510077945934,2,0.923962964055427,,,1.01784920440425,0.830076723706604,48.0239475144496,,,50.5602937161225,45.4876013127766,16841.5874220929,1949.62455653114,2867.01757780511,,,,,77.6002044677734,72.0121307373047,,,1.94372764502396,1.75212421119775,,,0.971863822511978,0.876062105598876,,,49.3179940110582,46.729901017841,No
G02,,,,,2,80.9587173461914,,Manual,Droplets Analyzed Manually,DQ,Unknown,Unknown,ddPCR Supermix for Probes (No dUTP),VIC,1619.17431640625,,,86.6773300170898,75.2677841186523,11639,774,10865,56,661,718,10204,0.959542101069104,,,,,,,,6291.41015625,,,8.58168221161677,20.7775460925258,,,,,,,,,,,,9322.19953165375,2945.4198582726,3369.47926777488,,,,,83.8729019165039,78.0517349243164,,,,,,,,,,,,,No
G03,,,,,1,10.8621234893799,,OK,,DQ,Unknown,Unknown,ddPCR Supermix for Probes (No dUTP),FAM,217.242462158203,,,12.6824436187744,9.0446138381958,14907,137,14770,5,132,236,14534,0.225467368224127,1.13292825222015,,,1.37052406284553,0.895332514985042,2,,2276.33154296875,,,,,2,0.566464144457642,,,0.685262031422763,0.447666257492521,36.1619604548158,,,41.0033251504562,31.3205957591755,16024.2119586137,1818.45534644827,1949.0107000316,,,,,11.790506362915,9.93447113037109,,,1.2541505856941,1.01170599213647,,,0.627075292847049,0.505852996068235,,,38.6320437321459,33.6918771774858,No
G03,,,,,2,19.1753063201904,,OK,,DQ,Unknown,Unknown,ddPCR Supermix for Probes (No dUTP),VIC,383.506134033203,,,21.5988006591797,16.7567958831787,14907,241,14666,5,132,236,14534,0.225467368224127,,,,,,,,3444.40454101563,,,,,,,,,,,,,,,,8950.26567565158,2881.17976181923,2979.29807571429,,,,,20.4111614227295,17.9407520294189,,,,,,,,,,,,,No
G04,,,,,1,20.6695175170898,,OK,,DQ,Unknown,Unknown,ddPCR Supermix for Probes (No dUTP),FAM,413.390350341797,,,23.2092666625977,18.1352405548096,14642,255,14387,9,246,456,13931,0.0761526526395583,1.08877348899841,,,1.25506668224137,0.922480237342283,2,,,,,,,2,0.544386729895913,,,0.627533341120684,0.461240118671142,35.2493788866344,,,38.7354194074813,31.7633383657874,16812.4252642463,1833.95890165915,2094.81868327776,,,,,21.9646224975586,19.3758373260498,,,1.17361676221533,1.00393015736832,,,0.586808381107666,0.501965078684159,,,37.0279672488904,33.4707905243783,No
G04,,,,,2,37.9684448242188,,OK,,DQ,Unknown,Unknown,ddPCR Supermix for Probes (No dUTP),VIC,759.368896484375,,,41.4247245788574,34.5222854614258,14642,465,14177,9,246,456,13931,0.0761526526395583,,,,,,,,,,,,,,,,,,,,,,,,9117.77249453965,2910.57837979605,3107.70618087212,,,,,39.730583190918,36.2089424133301,,,,,,,,,,,,,No
G05,,,,,1,7.81857967376709,,OK,,DQ,Unknown,Unknown,ddPCR Supermix for Probes (No dUTP),FAM,156.371597290039,,,9.30796337127686,6.33107900619507,16003,106,15897,1,105,236,15661,0,0.890828132629395,,,1.09484779045169,0.686808465585686,2,,,,,,,2,0.445414064009343,,,0.547423895225843,0.343404232792843,30.8156724844531,,,35.698343650051,25.9330013188553,16897.2881872789,1846.02932578578,1945.72522276249,,,,,8.57823371887207,7.05941534042358,,,0.994919758423313,0.786736497614058,,,0.497459879211657,0.393368248807029,,,33.3068304262699,28.3245145426364,No
G05,,,,,2,17.5535087585449,,OK,,DQ,Unknown,Unknown,ddPCR Supermix for Probes (No dUTP),VIC,351.070190429688,,,19.790491104126,15.3207702636719,16003,237,15766,1,105,236,15661,0,,,,,,,,,,,,,,,,,,,,,,,,9261.22806854892,2953.97266992349,3047.38137638316,,,,,18.6942958831787,16.4138278961182,,,,,,,,,,,,,No
G06,,,,,1,12.1943435668945,,OK,,DQ,Unknown,Unknown,ddPCR Supermix for Probes (No dUTP),FAM,243.886871337891,,,14.2608909606934,10.1314191818237,12995,134,12861,3,131,245,12616,0.0412843173417662,1.0758570432663,,,1.3019402189835,0.849773780514695,2,,4538.27685546875,,,,,2,0.537928499874549,,,0.65097010949175,0.424886890257348,34.9774713140714,,,39.7567905767274,30.1981520514154,16403.8214858326,1825.39625333859,1975.72399332737,,,,,13.2482509613037,11.1413793563843,,,1.19120545745907,0.96050854203913,,,0.595602728729533,0.480254271019565,,,37.4158968978797,32.5390457302631,No
G06,,,,,2,22.6690788269043,,OK,,DQ,Unknown,Unknown,ddPCR Supermix for Probes (No dUTP),VIC,453.381591796875,,,25.4939098358154,19.851016998291,12995,248,12747,3,131,245,12616,0.0412843173417662,,,,,,,,3431.48608398438,,,,,,,,,,,,,,,,9045.02176887758,2911.270309708,3028.32843682413,,,,,24.1094722747803,21.2304496765137,,,,,,,,,,,,,No
G07,,,,,1,9.20573329925537,,OK,,DQ,Unknown,Unknown,ddPCR Supermix for Probes (No dUTP),FAM,184.114669799805,,,10.8968563079834,7.5170373916626,14626,114,14512,0,114,224,14288,0,1.01399958133698,,,1.24265331751463,0.785345850521134,2,,,,,,,2,0.506999792008942,,,0.621326658757316,0.392672925260567,33.6429901780593,,,38.6770910850145,28.608889271104,16760.479911938,1819.997674717,1936.44885583578,,,,,10.068247795105,8.34385108947754,,,1.13065961029938,0.897339557736385,,,0.565329805149691,0.448669778868192,,,36.2114080872182,31.0745722689003,No
G07,,,,,2,18.1572723388672,,OK,,DQ,Unknown,Unknown,ddPCR Supermix for Probes (No dUTP),VIC,363.145446777344,,,20.537540435791,15.7818078994751,14626,224,14402,0,114,224,14288,0,,,,,,,,,,,,,,,,,,,,,,,,9106.81775120327,2918.42298770285,3013.19944244264,,,,,19.37109375,16.9447002410889,,,,,,,,,,,,,No
G08,,,,,1,27.0178241729736,,OK,,DQ,Unknown,Unknown,ddPCR Supermix for Probes (No dUTP),FAM,540.356506347656,,,29.9589729309082,24.0840072631836,14315,325,13990,9,316,286,13704,0.197681514068948,2.20574235916138,,,2.5534094883328,1.8580752851675,2,,,,,,,2,1.10287119337507,,,1.2767047441664,0.92903764258375,52.4459699124502,,,56.377017106686,48.5149227182145,16344.6136388221,1772.81539736701,2103.64560543357,,,,,28.5174922943115,25.5200653076172,,,2.38312333982624,2.02836143367406,,,1.19156166991312,1.01418071683703,,,54.4516037349385,50.440336089962,No
G08,,,,,2,24.4977149963379,,OK,,DQ,Unknown,Unknown,ddPCR Supermix for Probes (No dUTP),VIC,489.954284667969,,,27.2966632843018,21.7054080963135,14315,295,14020,9,316,286,13704,0.197681514068948,,,,,,,,,,,,,,,,,,,,,,,,8973.40378873146,2860.14115412082,2986.12176726858,,,,,25.9249172210693,23.0722389221191,,,,,,,,,,,,,No
G09,,,,,1,17.7732105255127,,OK,,DQ,Unknown,Unknown,ddPCR Supermix for Probes (No dUTP),FAM,355.464202880859,,,20.3031845092773,15.2486639022827,12672,190,12482,9,181,344,12138,0.359376450945747,1.06946074962616,,,1.25807099085422,0.880850502328718,2,,,,,,,2,0.534730373295735,,,0.62903549542711,0.440425251164359,34.8419750205005,,,38.8457633148154,30.8381867261857,16255.743385074,1825.23307730124,2041.59963021134,,,,,19.0633335113525,16.4844989776611,,,1.16569032398447,0.973231169198469,,,0.582845161992235,0.486615584599235,,,36.8847211981484,32.7992288428527,No
G09,,,,,2,33.2377052307129,,OK,,DQ,Unknown,Unknown,ddPCR Supermix for Probes (No dUTP),VIC,664.754089355469,,,36.7103042602539,29.7753219604492,12672,353,12319,9,181,344,12138,0.359376450945747,,,,,,,,,,,,,,,,,,,,,,,,9001.79068918201,2829.64883295272,3001.58428712325,,,,,35.0081596374512,31.4699115753174,,,,,,,,,,,,,No
G10,,,,,1,13.1159372329712,,OK,,DQ,Unknown,Unknown,ddPCR Supermix for Probes (No dUTP),FAM,262.318756103516,,,15.1759767532349,11.0594997406006,14071,156,13915,5,151,355,13560,0.0875281926127022,0.860309958457947,,,1.0219422477875,0.698677675752639,2,,,,,,,2,0.430154980885034,,,0.510971123893749,0.349338837876319,30.0775081466232,,,34.0287345358438,26.1262817574027,16400.6496832432,1797.36207418822,1959.26335107064,,,,,14.1665277481079,12.0662851333618,,,0.942775351358218,0.777844572181918,,,0.471387675679109,0.388922286090959,,,32.093438450937,28.0615778423094,No
G10,,,,,2,30.491189956665,,OK,,DQ,Unknown,Unknown,ddPCR Supermix for Probes (No dUTP),VIC,609.823791503906,,,33.6452751159668,27.3455390930176,14071,360,13711,5,151,355,13560,0.0875281926127022,,,,,,,,,,,,,,,,,,,,,,,,9002.853253852,2866.67002912166,3023.66142709643,,,,,32.0993614196777,28.8852157592773,,,,,,,,,,,,,No
G11,,,,,1,14.8314905166626,,OK,,DQ,Unknown,Unknown,ddPCR Supermix for Probes (No dUTP),FAM,296.629821777344,,,16.8685531616211,12.797947883606,16284,204,16080,5,199,348,15732,0.0432057264947753,1.15045535564423,,,1.34877074706267,0.952139929736205,2,,,,,,,2,0.575227669199719,,,0.674385373531336,0.476069964868102,36.5171130781342,,,40.5132448466384,32.52098130963,16628.5974695542,1790.76311204445,1976.64607746646,,,,,15.8703680038452,13.793529510498,,,1.25163660424246,1.04927407255641,,,0.625818302121232,0.524637036278206,,,38.5559545052237,34.4782716510447,No
G11,,,,,2,25.7836875915527,,OK,,DQ,Unknown,Unknown,ddPCR Supermix for Probes (No dUTP),VIC,515.673767089844,,,28.4765815734863,23.0969429016113,16284,353,15931,5,199,348,15732,0.0432057264947753,,,,,,,,,,,,,,,,,,,,,,,,9083.40910360969,2888.23677102929,3022.53398506766,,,,,27.1568431854248,24.4121322631836,,,,,,,,,,,,,No
G12,,,,,1,71.2520904541016,,OK,,DQ,Unknown,Unknown,ddPCR Supermix for Probes (No dUTP),FAM,1425.04174804688,,,75.8837738037109,66.6385650634766,15536,913,14623,41,872,726,13897,0,2.39244914054871,,,2.62215794972829,2.16274017913149,2,,,,,,,2,1.19622453221495,,,1.31107897486414,1.08137008956575,54.4673149155894,,,56.8485064062506,52.0861234249283,16169.3946895537,1797.64273395394,2642.22367727671,,,,,73.612922668457,68.89599609375,,,2.50964702582449,2.27525110303529,,,1.25482351291225,1.13762555151765,,,55.6822038739906,53.2524259571883,No
G12,,,,,2,59.5641441345215,,OK,,DQ,Unknown,Unknown,ddPCR Supermix for Probes (No dUTP),VIC,1191.28283691406,,,63.7876091003418,55.355785369873,15536,767,14769,41,872,726,13897,0,,,,,,,,,,,,,,,,,,,,,,,,8886.11613645392,2788.55948050168,3089.59101726245,,,,,61.7170753479004,57.4151420593262,,,,,,,,,,,,,No
H01,,,,,1,31.6228828430176,,OK,,DQ,Unknown,Unknown,ddPCR Supermix for Probes (No dUTP),FAM,632.457641601563,,,34.9265213012695,28.3284931182861,13310,353,12957,20,333,615,12342,0.301153144076554,1.09972202777863,,,1.24283151865214,0.956612488049604,2,,,,,,,2,0.549861001675435,,,0.621415759326069,0.478306244024802,35.4780848786454,,,38.4569649167084,32.4992048405824,16251.6930301655,1891.02601080286,2271.89118419392,,,,,33.3072547912598,29.94091796875,,,1.17273690598401,1.02670710071773,,,0.586368452992006,0.513353550358865,,,36.9979183815198,33.9582513757711,No
H01,,,,,2,57.510684967041,,OK,,DQ,Unknown,Unknown,ddPCR Supermix for Probes (No dUTP),VIC,1150.21374511719,,,61.9928550720215,53.0455284118652,13310,635,12675,20,333,615,12342,0.301153144076554,,,,,,,,,,,,,,,,,,,,,,,,9062.96549504798,2813.59668953017,3111.74463780243,,,,,59.7953720092773,55.2304267883301,,,,,,,,,,,,,No
H02,,,,,1,24.3372230529785,,OK,,DQ,Unknown,Unknown,ddPCR Supermix for Probes (No dUTP),FAM,486.744445800781,,,27.2656497955322,21.4160671234131,12992,266,12726,5,261,314,12412,0,1.6642484664917,,,1.93509685282716,1.39340009560183,2,,,,,,,2,0.832124237107247,,,0.967548426413578,0.696700047800916,45.4185486035103,,,49.453017804247,41.3840794027735,16979.6526227679,1864.81611138583,2174.2793589249,,,,,25.8304061889648,22.8459300994873,,,1.80243623317058,1.52606071525841,,,0.901218116585291,0.763030357629203,,,47.4769484369628,43.3601487700578,No
H02,,,,,2,29.2471027374268,,OK,,DQ,Unknown,Unknown,ddPCR Supermix for Probes (No dUTP),VIC,584.942077636719,,,32.4611167907715,26.0418453216553,12992,319,12673,5,261,314,12412,0,,,,,,,,,,,,,,,,,,,,,,,,9264.22449457533,2950.24954891875,3105.28018374514,,,,,30.8858089447021,27.6106739044189,,,,,,,,,,,,,No
H03,,,,,1,13.4067459106445,,OK,,DQ,Unknown,Unknown,ddPCR Supermix for Probes (No dUTP),FAM,268.134918212891,,,15.4731035232544,11.3440103530884,14297,162,14135,3,159,292,13843,0,1.0931396484375,,,1.30265992998659,0.88361931703589,2,,2432.78491210938,,,,,2,0.54656981175562,,,0.651329964993295,0.441809658517945,35.3407785152078,,,39.7206066351465,30.9609503952691,16460.0886170187,1825.56857951609,1991.39303542121,,,,,14.4605569839478,12.3538780212402,,,1.20003764622259,0.986241600799887,,,0.600018823111296,0.493120800399943,,,37.5753827581723,33.1061742722433,No
H03,,,,,2,24.528881072998,,OK,,DQ,Unknown,Unknown,ddPCR Supermix for Probes (No dUTP),VIC,490.57763671875,,,27.3313941955566,21.7330265045166,14297,295,14002,3,159,292,13843,0,,,,,,,,3478.02709960938,,,,,,,,,,,,,,,,8989.64212377516,2889.29482942866,3015.16756159851,,,,,25.9579010009766,23.1015949249268,,,,,,,,,,,,,No
H04,,,,,1,9.91855335235596,,OK,,DQ,Unknown,Unknown,ddPCR Supermix for Probes (No dUTP),FAM,198.371063232422,,,11.6727447509766,8.16697406768799,14651,123,14528,3,120,247,14281,0.0742406080717335,0.979698777198792,,,1.19118576333568,0.768211825482271,2,,,,,,,2,0.489849397204488,,,0.59559288166784,0.384105912741136,32.8791217504016,,,37.6430902157181,28.1151532850851,16776.1640942581,1807.27562122933,1932.94440030124,,,,,10.8132228851318,9.02456474304199,,,1.08760026393289,0.871797324885063,,,0.543800131966444,0.435898662442532,,,35.3097168872177,30.4485266135855,No
H04,,,,,2,20.2481689453125,,OK,,DQ,Unknown,Unknown,ddPCR Supermix for Probes (No dUTP),VIC,404.96337890625,,,22.7608699798584,17.7408218383789,14651,250,14401,3,120,247,14281,0.0742406080717335,,,,,,,,,,,,,,,,,,,,,,,,9116.5261875,2883.79515028321,2990.1484885744,,,,,21.5294895172119,18.9682426452637,,,,,,,,,,,,,No
H05,,,,,1,16.6436023712158,,OK,,DQ,Unknown,Unknown,ddPCR Supermix for Probes (No dUTP),FAM,332.872039794922,,,18.7735366821289,14.5175170898438,16729,235,16494,10,225,421,16073,0.288831301642602,1.08401036262512,,,1.25630096886271,0.911719855567684,2,,,,,,,2,0.542005206107599,,,0.628150484431355,0.455859927783842,35.1493758880201,,,38.7723046832462,31.5264470927939,16762.9558427527,1880.46209440004,2089.52336709194,,,,,17.7298202514648,15.5583848953247,,,1.17191361372849,0.996107210701902,,,0.585956806864246,0.498053605350951,,,36.9978059247668,33.3009458512733,No
H05,,,,,2,30.7074584960938,,OK,,DQ,Unknown,Unknown,ddPCR Supermix for Probes (No dUTP),VIC,614.149169921875,,,33.6102066040039,27.8118534088135,16729,431,16298,10,225,421,16073,0.288831301642602,,,,,,,,,,,,,,,,,,,,,,,,9289.15824164371,2946.97641372072,3110.37412833814,,,,,32.187557220459,29.2292194366455,,,,,,,,,,,,,No
H06,,,,,1,24.6585330963135,,OK,,DQ,Unknown,Unknown,ddPCR Supermix for Probes (No dUTP),FAM,493.170654296875,,,27.560848236084,21.7633628845215,13403,278,13125,10,268,622,12503,0,0.867870151996613,,,0.990295190464305,0.745445107702297,2,,,,,,,2,0.43393507454165,,,0.495147595232153,0.372722553851148,30.2618355772039,,,33.2388523950766,27.2848187593312,16507.5073663725,1883.17040218564,2186.50291550683,,,,,26.1384124755859,23.1805152893066,,,0.930331783192649,0.805408514973952,,,0.465165891596325,0.402704257486976,,,31.7807187494516,28.7429524049562,No
H06,,,,,2,56.8253974914551,,OK,,DQ,Unknown,Unknown,ddPCR Supermix for Probes (No dUTP),VIC,1136.50793457031,,,61.2645645141602,52.4029159545898,13403,632,12771,10,268,622,12503,0,,,,,,,,,,,,,,,,,,,,,,,,9166.27654874778,2891.16409784696,3187.05838039335,,,,,59.0881843566895,54.566951751709,,,,,,,,,,,,,No
H07,,,,,1,21.3440284729004,,OK,,DQ,Unknown,Unknown,ddPCR Supermix for Probes (No dUTP),FAM,426.880554199219,,,23.860330581665,18.8330955505371,15407,277,15130,19,258,547,14583,0.712081893260321,0.969448804855347,,,1.1087836592967,0.830113894240385,2,,,,,,,2,0.484724388384272,,,0.554391829648351,0.415056947120192,32.6474322222029,,,35.8078040032248,29.487060441181,16587.3448887353,1835.97134296546,2101.18393932934,,,,,22.6271839141846,20.0622711181641,,,1.04053787727272,0.898359676264364,,,0.520268938636361,0.449179838132182,,,34.259863962878,31.0350004815278,No
H07,,,,,2,44.0333290100098,,OK,,DQ,Unknown,Unknown,ddPCR Supermix for Probes (No dUTP),VIC,880.666564941406,,,47.6668281555176,40.4110145568848,15407,566,14841,19,258,547,14583,0.712081893260321,,,,,,,,,,,,,,,,,,,,,,,,9158.62489820285,2931.8037663425,3160.55568174673,,,,,45.8857536315918,42.1838188171387,,,,,,,,,,,,,No
H08,,,,,1,28.5790977478027,,OK,,DQ,Unknown,Unknown,ddPCR Supermix for Probes (No dUTP),FAM,571.581970214844,,,31.2930469512939,25.8713912963867,17792,427,17365,14,413,420,16945,0.248872599541332,1.96734702587128,,,2.23018701591774,1.70450705563476,2,,,,,,,2,0.983673517888124,,,1.11509350795887,0.852253527817379,49.5884785988055,,,52.9282830486069,46.248674149004,16560.2522893186,1841.04368757648,2194.2980756691,,,,,29.9629821777344,27.196834564209,,,2.10144887892066,1.83324519263183,,,1.05072443946033,0.916622596315916,,,51.2924580779517,47.8844991196592,No
H08,,,,,2,29.0534381866455,,OK,,DQ,Unknown,Unknown,ddPCR Supermix for Probes (No dUTP),VIC,581.068786621094,,,31.7901248931885,26.3231048583984,17792,434,17358,14,413,420,16945,0.248872599541332,,,,,,,,,,,,,,,,,,,,,,,,9142.7958984375,2912.77446347292,3064.74328669541,,,,,30.4489097595215,27.6596183776855,,,,,,,,,,,,,No
H09,,,,,1,76.4910278320313,,OK,,DQ,Unknown,Unknown,ddPCR Supermix for Probes (No dUTP),FAM,1529.82055664063,,,81.7263717651367,71.2788772583008,13090,824,12266,40,784,784,11482,0,2,,,2.19315975798927,1.80684024201073,2,,,,,,,2,1,,,1.09657987899464,0.903420121005364,50,,,52.4144969748659,47.5855030251341,16521.4566549653,1870.28552010233,2792.55939444359,,,,,79.1592102050781,73.8288803100586,,,2.09855044497523,1.90144955502477,,,1.04927522248761,0.950724777512385,,,51.2318805621904,48.7681194378096,No
H09,,,,,2,76.4910278320313,,OK,,DQ,Unknown,Unknown,ddPCR Supermix for Probes (No dUTP),VIC,1529.82055664063,,,81.7263717651367,71.2788772583008,13090,824,12266,40,784,784,11482,0,,,,,,,,,,,,,,,,,,,,,,,,9139.46181036199,2893.48997342557,3286.66650464296,,,,,79.1592102050781,73.8288803100586,,,,,,,,,,,,,No
H10,,,,,1,12.0686416625977,,OK,,DQ,Unknown,Unknown,ddPCR Supermix for Probes (No dUTP),FAM,241.372833251953,,,13.8789501190186,10.261116027832,16755,171,16584,6,165,367,16217,0.159117296285048,0.911304175853729,,,1.07626128764894,0.746347018261614,2,,,,,,,2,0.455652076477638,,,0.538130643824469,0.373173509130807,31.3022654136019,,,35.1947413838006,27.4097894434033,16331.7868238304,1772.41580351826,1921.00741464768,,,,,12.9919204711914,11.1460886001587,,,0.995465862899514,0.827142443011039,,,0.497732931449757,0.41357122150552,,,33.2882203356315,29.3163104915724,No
H10,,,,,2,26.4865283966064,,OK,,DQ,Unknown,Unknown,ddPCR Supermix for Probes (No dUTP),VIC,529.730590820313,,,29.1776466369629,23.8015537261963,16755,373,16382,6,165,367,16217,0.159117296285048,,,,,,,,,,,,,,,,,,,,,,,,8987.31138467661,2855.03303877493,2991.54988885081,,,,,27.8587799072266,25.1158790588379,,,,,,,,,,,,,No
H11,,,,,1,14.9599781036377,,OK,,DQ,Unknown,Unknown,ddPCR Supermix for Probes (No dUTP),FAM,299.199554443359,,,16.85817527771,13.0648384094238,18915,239,18676,7,232,487,18189,0.0490336014612411,0.961004376411438,,,1.1094192931311,0.812589419862078,2,,,,,,,2,0.480502178248295,,,0.554709646565552,0.406294709931039,32.4553509821118,,,35.840903178952,29.0697987852717,16428.9181771378,1768.21454477708,1953.45949154601,,,,,15.9280624389648,13.9926891326904,,,1.03672615884497,0.885282554148216,,,0.518363079422483,0.442641277074108,,,34.1826711569036,30.7280308073201,No
H11,,,,,2,31.1340484619141,,OK,,DQ,Unknown,Unknown,ddPCR Supermix for Probes (No dUTP),VIC,622.680969238281,,,33.8828773498535,28.391622543335,18915,494,18421,7,232,487,18189,0.0490336014612411,,,,,,,,,,,,,,,,,,,,,,,,8985.27570296685,2859.80473468205,3019.78267062351,,,,,32.5357093811035,29.7340526580811,,,,,,,,,,,,,No
H12,,,,,1,40.4503059387207,,OK,,DQ,Unknown,Unknown,ddPCR Supermix for Probes (No dUTP),FAM,809.006103515625,,,43.9458847045898,36.9650764465332,15267,516,14751,42,474,1088,13663,0.327923120498184,0.894241392612457,,,0.987376117017193,0.801106611511469,2,,,,,,,2,0.447120682132166,,,0.493688058508597,0.400553305755735,30.8972629341034,,,33.1209428284767,28.67358303973,16258.5711944344,1804.50873540486,2293.03275642138,,,,,42.2324676513672,38.6708374023438,,,0.94175894804543,0.846723780483233,,,0.470879474022715,0.423361890241616,,,32.0317899775542,29.7627358906525,No
H12,,,,,2,90.4684295654297,,OK,,DQ,Unknown,Unknown,ddPCR Supermix for Probes (No dUTP),VIC,1809.36865234375,,,95.7564926147461,85.2040252685547,15267,1130,14137,42,474,1088,13663,0.327923120498184,,,,,,,,,,,,,,,,,,,,,,,,9005.67571945866,2882.33512998981,3335.55939579841,,,,,93.163444519043,87.7795639038086,,,,,,,,,,,,,No